num_skills,num_educations,num_experiences,num_certifications,has_bio,has_headline,has_linkedin,has_github,has_skill_aws,has_skill_azure,has_skill_communication,has_skill_data_analysis,has_skill_django,has_skill_gcp,has_skill_git,has_skill_javascript,has_skill_leadership,has_skill_machine_learning,has_skill_problem_solving,has_skill_project_management,has_skill_python,has_skill_react,has_skill_sql,target_score
1,1,0,0,0,1,0,0,0,0,0,0,0,0,0,1,0,0,0,0,0,0,0,12
1,1,0,0,0,1,0,0,0,0,0,0,0,0,0,0,0,0,0,0,0,0,0,10
1,1,0,0,0,1,0,0,0,0,0,0,0,0,0,0,0,0,0,0,1,0,0,14
1,1,0,0,0,1,0,0,0,0,0,0,0,0,0,0,0,0,0,0,1,0,0,14
1,1,0,0,0,1,0,0,0,0,0,0,0,0,0,0,0,0,0,0,0,0,0,10
1,1,0,0,0,1,0,0,1,0,0,0,0,0,0,0,0,0,0,0,0,0,0,14
1,1,0,0,0,1,0,0,0,0,0,0,0,0,0,0,0,0,0,0,0,0,0,10
1,1,0,0,0,1,0,0,0,0,0,0,0,0,0,0,0,0,0,0,0,0,0,10
1,1,0,0,0,1,0,0,0,0,0,0,0,0,0,0,0,0,0,0,0,0,0,10
1,1,0,0,0,1,0,0,0,1,0,0,0,0,0,0,0,0,0,0,0,0,0,14
1,1,0,0,0,1,0,0,0,0,0,0,1,0,0,0,0,0,0,0,0,0,0,13
1,1,0,0,0,1,0,0,0,0,0,0,0,0,0,0,0,0,0,0,0,0,0,10
1,1,0,0,0,1,0,0,0,0,0,0,0,0,0,0,0,0,0,0,0,0,0,10
1,1,0,0,0,1,0,0,0,1,0,0,0,0,0,0,0,0,0,0,0,0,0,14
1,1,0,0,0,1,0,0,0,0,0,0,0,0,1,0,0,0,0,0,0,0,0,12
1,1,0,0,0,1,0,0,0,0,0,0,0,0,0,0,0,0,0,0,0,0,0,10
1,1,0,0,0,1,0,0,0,0,0,0,0,0,0,0,0,0,0,0,0,1,0,13
1,1,0,0,0,1,0,0,0,0,0,0,0,0,0,0,0,0,0,0,0,0,0,10
1,1,0,0,0,1,0,0,0,0,0,0,0,0,0,0,0,0,0,0,0,0,0,10
1,1,0,0,0,1,0,0,0,0,0,0,0,0,0,0,0,0,0,0,0,0,0,10
1,1,0,0,0,1,0,0,0,0,0,0,0,0,0,1,0,0,0,0,0,0,0,12
1,1,0,0,0,1,0,0,0,0,0,0,0,0,0,0,0,0,0,0,0,0,0,10
1,1,0,0,0,1,0,0,0,0,0,0,0,0,0,0,0,0,0,0,0,0,0,10
1,1,0,0,0,1,0,0,1,0,0,0,0,0,0,0,0,0,0,0,0,0,0,14
1,1,0,0,0,1,0,0,0,0,0,0,0,0,0,0,0,0,0,0,0,0,1,13
1,1,0,0,0,1,0,0,0,0,0,0,1,0,0,0,0,0,0,0,0,0,0,13
1,1,0,0,0,1,0,0,0,0,0,0,0,0,0,0,0,0,0,0,0,0,0,10
1,1,0,0,0,1,0,0,0,0,0,0,0,0,0,0,0,0,0,0,0,0,0,10
1,1,0,0,0,1,0,0,0,0,0,0,0,0,0,0,0,0,0,0,0,0,0,10
1,1,0,0,0,1,0,0,0,0,0,0,0,0,0,0,0,0,0,0,0,0,0,10
1,1,0,0,0,1,0,0,0,0,0,0,0,0,0,0,0,0,0,0,0,0,0,10
1,1,0,0,0,1,0,0,0,0,0,0,0,0,0,0,0,0,0,0,0,0,0,10
1,1,0,0,0,1,0,0,1,0,0,0,0,0,0,0,0,0,0,0,0,0,0,14
1,1,0,0,0,1,0,0,1,0,0,0,0,0,0,0,0,0,0,0,0,0,0,14
1,1,0,0,0,1,0,0,0,1,0,0,0,0,0,0,0,0,0,0,0,0,0,14
1,1,0,0,0,1,0,0,0,0,0,0,0,0,0,0,0,0,0,0,0,0,0,10
1,1,0,0,0,1,0,0,0,0,0,0,0,0,0,0,0,0,0,0,0,0,0,10
1,1,0,0,0,1,0,0,0,0,0,0,0,0,0,0,0,0,0,0,1,0,0,14
1,1,0,0,0,1,0,0,0,1,0,0,0,0,0,0,0,0,0,0,0,0,0,14
1,1,0,0,0,1,0,0,0,0,0,0,0,0,0,1,0,0,0,0,0,0,0,12
1,1,0,0,0,1,0,0,0,0,0,0,0,0,0,1,0,0,0,0,0,0,0,12
1,1,0,0,0,1,0,0,1,0,0,0,0,0,0,0,0,0,0,0,0,0,0,14
1,1,0,0,0,1,0,0,0,0,0,0,0,0,0,1,0,0,0,0,0,0,0,12
1,1,0,0,0,1,0,0,0,0,0,0,0,0,0,1,0,0,0,0,0,0,0,12
1,1,0,0,0,1,0,0,0,0,0,0,0,0,0,0,0,0,0,0,0,0,0,10
1,1,0,0,0,1,0,0,0,0,0,0,0,0,0,0,0,0,0,0,0,0,0,10
1,1,0,0,0,1,0,0,0,1,0,0,0,0,0,0,0,0,0,0,0,0,0,14
1,1,0,0,0,1,0,0,1,0,0,0,0,0,0,0,0,0,0,0,0,0,0,14
1,1,0,0,0,1,0,0,0,0,0,0,0,0,0,0,0,0,0,0,0,0,0,10
1,1,0,0,0,1,0,0,0,0,0,0,0,0,0,0,0,0,0,0,0,0,0,10
1,1,0,0,0,1,0,0,0,1,0,0,0,0,0,0,0,0,0,0,0,0,0,14
1,1,0,0,0,1,0,0,0,0,0,0,1,0,0,0,0,0,0,0,0,0,0,13
1,1,0,0,0,1,0,0,0,0,0,0,0,0,0,1,0,0,0,0,0,0,0,12
1,1,0,0,0,1,0,0,0,0,0,0,0,0,0,0,0,0,0,0,0,0,0,10
1,1,0,0,0,1,0,0,0,0,0,0,0,0,0,0,0,0,0,0,0,0,0,10
1,1,0,0,0,1,0,0,0,0,0,0,0,0,0,0,0,0,0,0,0,0,0,10
1,1,0,0,0,1,0,0,0,0,0,0,0,0,0,1,0,0,0,0,0,0,0,12
1,1,0,0,0,1,0,0,0,0,0,0,0,0,0,0,0,0,0,0,0,0,0,10
1,1,0,0,0,1,0,0,0,0,0,0,0,0,1,0,0,0,0,0,0,0,0,12
1,1,0,0,0,1,0,0,0,0,0,0,1,0,0,0,0,0,0,0,0,0,0,13
1,1,0,0,0,1,0,0,0,0,0,0,0,0,0,0,0,0,0,0,0,1,0,13
1,1,0,0,0,1,0,0,0,0,0,0,0,0,0,0,0,0,0,0,0,0,0,10
1,1,0,0,0,1,0,0,0,0,0,0,0,0,0,0,0,0,0,0,0,0,0,10
1,1,0,0,0,1,0,0,0,0,0,0,0,0,0,0,0,0,0,0,0,0,0,10
1,1,0,0,0,1,0,0,0,0,0,0,0,0,0,0,0,0,0,0,0,0,0,10
1,1,0,0,0,1,0,0,0,0,0,0,0,0,1,0,0,0,0,0,0,0,0,12
1,1,0,0,0,1,0,0,0,0,0,0,0,0,0,0,0,0,0,0,0,0,0,10
1,1,0,0,0,1,0,0,0,0,0,0,0,0,0,0,0,0,0,0,0,0,0,10
1,1,0,0,0,1,0,0,0,0,0,0,0,0,0,0,0,0,0,0,0,0,0,10
1,1,0,0,0,1,0,0,0,0,0,0,0,0,0,0,0,0,0,0,0,0,0,10
1,1,0,0,0,1,0,0,0,0,0,0,0,0,0,1,0,0,0,0,0,0,0,12
1,1,0,0,0,1,0,0,0,0,0,0,0,0,0,0,0,0,0,0,0,0,0,10
1,1,0,0,0,1,0,0,0,0,0,0,0,0,0,0,0,0,0,0,0,0,0,10
1,1,0,0,0,1,0,0,0,0,0,0,0,0,0,0,0,0,0,0,0,0,0,10
1,1,0,0,0,1,0,0,0,0,0,0,0,0,0,0,0,0,0,0,0,0,0,10
1,1,0,0,0,1,0,0,0,0,0,0,0,0,0,0,0,0,0,0,0,0,0,10
1,1,0,0,0,1,0,0,0,0,0,0,0,0,0,0,0,0,0,0,0,0,0,10
1,1,0,0,0,1,0,0,0,0,0,0,0,0,0,0,0,0,0,0,0,0,0,10
1,1,0,0,0,1,0,0,0,0,0,0,0,0,0,0,0,0,0,0,0,0,0,10
1,1,0,0,0,1,0,0,1,0,0,0,0,0,0,0,0,0,0,0,0,0,0,14
1,1,0,0,0,1,0,0,0,0,0,0,0,0,0,0,0,0,0,0,1,0,0,14
1,1,0,0,0,1,0,0,0,0,0,0,0,0,0,0,0,0,0,0,0,0,0,10
1,1,0,0,0,1,0,0,0,0,0,0,0,0,0,0,0,0,0,0,0,0,0,10
1,1,0,0,0,1,0,0,0,0,0,0,0,0,0,0,0,0,0,0,0,1,0,13
1,1,0,0,0,1,0,0,0,0,0,0,0,0,0,0,0,0,0,0,0,0,1,13
1,1,0,0,0,1,0,0,1,0,0,0,0,0,0,0,0,0,0,0,0,0,0,14
1,1,0,0,0,1,0,0,0,0,0,0,0,0,0,0,0,0,0,0,0,0,0,10
1,1,0,0,0,1,0,0,0,0,0,0,1,0,0,0,0,0,0,0,0,0,0,13
1,1,0,0,0,1,0,0,0,0,0,0,0,0,0,0,0,0,0,0,0,0,0,10
1,1,0,0,0,1,0,0,0,0,0,0,0,0,0,0,0,0,0,0,0,0,0,10
1,1,0,0,0,1,0,0,0,0,0,0,0,0,0,0,0,0,0,0,0,1,0,13
1,1,0,0,0,1,0,0,0,0,0,0,0,0,0,1,0,0,0,0,0,0,0,12
1,1,0,0,0,1,0,0,0,0,0,0,0,0,0,0,0,0,0,0,0,0,0,10
1,1,0,0,0,1,0,0,0,0,0,0,0,0,0,0,0,0,0,0,0,0,0,10
1,1,0,0,0,1,0,0,0,0,0,0,0,0,0,0,0,0,0,0,0,0,0,10
1,1,0,0,0,1,0,0,0,0,0,0,0,0,0,0,0,0,0,0,0,0,0,10
1,1,0,0,0,1,0,0,0,0,0,0,0,0,0,0,0,0,0,0,0,0,0,10
1,1,0,0,0,1,0,0,0,0,0,0,0,0,0,0,0,0,0,0,0,0,0,10
1,1,0,0,0,1,0,0,0,0,0,0,1,0,0,0,0,0,0,0,0,0,0,13
1,1,0,0,0,1,0,0,0,0,0,0,1,0,0,0,0,0,0,0,0,0,0,13
1,1,0,0,0,1,0,0,1,0,0,0,0,0,0,0,0,0,0,0,0,0,0,14
1,1,0,0,0,1,0,0,0,0,0,0,0,0,0,0,0,0,0,0,0,0,0,10
1,1,0,0,0,1,0,0,0,0,0,0,0,0,0,0,0,0,0,0,0,0,0,10
1,1,0,0,0,1,0,0,0,0,0,0,0,0,0,0,0,0,0,0,0,0,0,10
1,1,0,0,0,1,0,0,0,1,0,0,0,0,0,0,0,0,0,0,0,0,0,14
5,2,0,0,1,1,1,0,0,0,0,0,0,0,0,0,0,0,1,0,0,0,0,33
7,1,0,0,1,1,1,0,0,1,0,1,0,0,0,1,0,0,0,1,0,0,0,38
6,1,0,0,1,1,0,0,0,0,1,0,0,0,0,0,0,0,0,0,0,0,1,23
6,1,0,0,1,1,1,0,0,0,0,0,0,0,0,0,0,0,0,0,0,0,0,24
5,1,1,0,1,1,0,0,0,0,0,0,0,0,0,0,0,0,0,0,0,0,1,34
4,2,1,0,1,1,1,0,0,0,0,1,0,0,0,0,0,0,0,0,0,0,0,46
7,2,0,0,1,1,0,0,0,0,0,0,0,0,0,1,0,0,0,0,0,0,1,34
4,2,0,0,1,1,1,0,0,1,0,0,0,0,1,1,0,0,0,0,0,0,0,37
4,1,1,0,1,1,0,0,0,0,0,0,0,0,0,1,0,0,0,0,0,0,0,30
4,2,1,0,1,1,1,0,0,0,0,0,0,0,0,0,0,0,0,1,0,0,0,45
7,1,1,0,1,1,1,0,0,0,0,0,0,0,0,0,1,0,0,0,0,0,0,38
4,2,1,0,1,1,1,0,0,0,0,0,0,0,0,0,0,0,0,0,0,0,0,42
4,1,0,0,1,1,0,0,0,0,0,0,0,0,0,0,1,0,0,0,0,0,0,18
7,2,0,0,1,1,0,0,0,0,1,0,0,0,0,0,0,1,0,0,0,1,0,39
5,2,1,0,1,1,0,0,0,0,0,0,0,0,0,0,0,0,0,0,0,0,0,39
7,1,1,0,1,1,0,0,0,0,0,0,0,0,0,0,0,0,0,0,0,0,0,32
6,2,1,0,1,1,0,0,0,1,0,0,1,0,0,0,0,0,0,0,0,0,0,45
6,2,1,0,1,1,0,0,0,0,0,0,0,0,0,0,0,0,0,0,0,0,1,42
1,1,0,0,0,1,0,0,0,0,0,0,0,0,1,0,0,0,0,0,0,0,0,12
1,1,0,0,0,1,0,0,0,0,0,0,0,0,0,0,0,0,0,0,0,0,1,13
1,1,0,0,0,1,0,0,0,0,0,0,0,0,0,0,0,0,0,0,0,0,0,10
1,1,0,0,0,1,0,0,0,0,0,0,0,0,0,0,0,0,0,0,0,0,0,10
1,1,0,0,0,1,0,0,0,0,0,0,0,0,1,0,0,0,0,0,0,0,0,12
1,1,0,0,0,1,0,0,0,0,0,0,0,0,0,0,0,0,0,0,0,0,0,10
1,1,0,0,0,1,0,0,0,0,0,0,0,0,0,0,0,0,0,0,0,0,1,13
1,1,0,0,0,1,0,0,0,0,0,0,0,0,0,0,0,0,0,0,0,1,0,13
1,1,0,0,0,1,0,0,0,0,0,0,0,0,0,0,0,0,0,0,0,0,0,10
1,1,0,0,0,1,0,0,0,0,0,0,0,0,0,0,0,0,0,0,0,0,0,10
1,1,0,0,0,1,0,0,0,0,0,0,0,0,0,0,0,0,0,0,1,0,0,14
1,1,0,0,0,1,0,0,0,0,0,0,0,0,0,0,0,0,0,0,1,0,0,14
1,1,0,0,0,1,0,0,0,0,0,0,0,0,0,0,0,0,0,0,0,0,0,10
1,1,0,0,0,1,0,0,0,0,0,0,0,0,0,0,0,0,0,0,0,0,0,10
1,1,0,0,0,1,0,0,0,1,0,0,0,0,0,0,0,0,0,0,0,0,0,14
1,1,0,0,0,1,0,0,0,0,0,0,1,0,0,0,0,0,0,0,0,0,0,13
1,1,0,0,0,1,0,0,0,0,0,0,0,0,0,0,0,0,0,0,0,0,1,13
1,1,0,0,0,1,0,0,0,0,0,0,0,0,0,0,0,0,0,0,0,0,0,10
1,1,0,0,0,1,0,0,0,0,0,0,0,0,0,0,0,0,0,0,0,0,0,10
1,1,0,0,0,1,0,0,0,1,0,0,0,0,0,0,0,0,0,0,0,0,0,14
1,1,0,0,0,1,0,0,0,0,0,0,0,0,0,0,0,0,0,0,1,0,0,14
1,1,0,0,0,1,0,0,0,0,0,0,0,0,0,0,0,0,0,0,0,0,1,13
1,1,0,0,0,1,0,0,0,0,0,0,0,0,0,0,0,0,0,0,0,0,0,10
1,1,0,0,0,1,0,0,0,0,0,0,0,0,0,0,0,0,0,0,0,0,0,10
1,1,0,0,0,1,0,0,1,0,0,0,0,0,0,0,0,0,0,0,0,0,0,14
1,1,0,0,0,1,0,0,0,0,0,0,0,0,0,0,0,0,0,0,0,0,0,10
1,1,0,0,0,1,0,0,0,0,0,0,0,0,0,0,0,0,0,0,0,1,0,13
1,1,0,0,0,1,0,0,0,0,0,0,0,0,0,1,0,0,0,0,0,0,0,12
1,1,0,0,0,1,0,0,0,0,0,0,0,0,0,0,0,0,0,0,0,0,0,10
1,1,0,0,0,1,0,0,0,0,0,0,0,0,0,0,0,0,0,0,0,0,0,10
1,1,0,0,0,1,0,0,0,0,0,0,0,0,0,1,0,0,0,0,0,0,0,12
1,1,0,0,0,1,0,0,0,0,0,0,0,0,0,1,0,0,0,0,0,0,0,12
1,1,0,0,0,1,0,0,0,0,0,0,0,0,0,0,0,0,0,0,0,1,0,13
1,1,0,0,0,1,0,0,1,0,0,0,0,0,0,0,0,0,0,0,0,0,0,14
1,1,0,0,0,1,0,0,0,0,0,0,0,0,0,0,0,0,0,0,0,1,0,13
1,1,0,0,0,1,0,0,0,0,0,0,0,0,0,0,0,0,0,0,0,0,0,10
1,1,0,0,0,1,0,0,0,0,0,0,0,0,0,0,0,0,0,0,0,0,0,10
1,1,0,0,0,1,0,0,0,0,0,0,1,0,0,0,0,0,0,0,0,0,0,13
1,1,0,0,0,1,0,0,0,0,0,0,0,0,0,0,0,0,0,0,1,0,0,14
1,1,0,0,0,1,0,0,0,0,0,0,0,0,0,0,0,0,0,0,0,0,0,10
1,1,0,0,0,1,0,0,0,0,0,0,0,0,0,0,0,0,0,0,0,0,1,13
1,1,0,0,0,1,0,0,0,0,0,0,0,0,0,0,0,0,0,0,0,0,0,10
1,1,0,0,0,1,0,0,0,0,0,0,0,0,0,0,0,0,0,0,0,0,0,10
1,1,0,0,0,1,0,0,0,0,0,0,0,0,0,1,0,0,0,0,0,0,0,12
1,1,0,0,0,1,0,0,0,0,0,0,0,0,0,0,0,0,0,0,0,0,0,10
1,1,0,0,0,1,0,0,0,1,0,0,0,0,0,0,0,0,0,0,0,0,0,14
1,1,0,0,0,1,0,0,0,0,0,0,0,0,0,0,0,0,0,0,0,1,0,13
1,1,0,0,0,1,0,0,0,0,0,0,0,0,1,0,0,0,0,0,0,0,0,12
1,1,0,0,0,1,0,0,0,0,0,0,0,0,0,0,0,0,0,0,0,0,0,10
1,1,0,0,0,1,0,0,0,0,0,0,0,0,0,0,0,0,0,0,0,1,0,13
1,1,0,0,0,1,0,0,0,0,0,0,0,0,0,0,0,0,0,0,0,0,0,10
1,1,0,0,0,1,0,0,0,0,0,0,0,0,0,0,0,0,0,0,0,0,0,10
1,1,0,0,0,1,0,0,0,0,0,0,0,0,0,0,0,0,0,0,0,0,1,13
1,1,0,0,0,1,0,0,0,0,0,0,0,0,0,0,0,0,0,0,0,0,0,10
1,1,0,0,0,1,0,0,0,0,0,0,0,0,0,0,0,0,0,0,0,0,0,10
1,1,0,0,0,1,0,0,0,0,0,0,0,0,0,0,0,0,0,0,0,0,0,10
1,1,0,0,0,1,0,0,0,0,0,0,0,0,0,0,0,0,0,0,1,0,0,14
1,1,0,0,0,1,0,0,0,0,0,0,0,0,1,0,0,0,0,0,0,0,0,12
1,1,0,0,0,1,0,0,0,0,0,0,0,0,0,0,0,0,0,0,0,0,1,13
1,1,0,0,0,1,0,0,0,0,0,0,0,0,0,0,0,0,0,0,0,0,0,10
1,1,0,0,0,1,0,0,0,0,0,0,0,0,0,0,0,0,0,0,0,0,0,10
1,1,0,0,0,1,0,0,1,0,0,0,0,0,0,0,0,0,0,0,0,0,0,14
1,1,0,0,0,1,0,0,0,0,0,0,0,0,0,0,0,0,0,0,0,0,0,10
1,1,0,0,0,1,0,0,0,0,0,0,0,0,0,0,0,0,0,0,0,0,0,10
1,1,0,0,0,1,0,0,0,0,0,0,1,0,0,0,0,0,0,0,0,0,0,13
1,1,0,0,0,1,0,0,0,0,0,0,0,0,0,1,0,0,0,0,0,0,0,12
1,1,0,0,0,1,0,0,0,0,0,0,0,0,0,0,0,0,0,0,0,0,0,10
1,1,0,0,0,1,0,0,0,0,0,0,0,0,0,1,0,0,0,0,0,0,0,12
1,1,0,0,0,1,0,0,0,0,0,0,0,0,1,0,0,0,0,0,0,0,0,12
1,1,0,0,0,1,0,0,0,0,0,0,0,0,0,0,0,0,0,0,0,0,0,10
1,1,0,0,0,1,0,0,0,0,0,0,0,0,0,0,0,0,0,0,0,0,0,10
1,1,0,0,0,1,0,0,0,0,0,0,0,0,0,0,0,0,0,0,0,0,0,10
1,1,0,0,0,1,0,0,0,0,0,0,0,0,0,0,0,0,0,0,0,0,0,10
1,1,0,0,0,1,0,0,0,0,0,0,0,0,0,0,0,0,0,0,0,0,1,13
1,1,0,0,0,1,0,0,0,0,0,0,0,0,0,0,0,0,0,0,0,0,0,10
1,1,0,0,0,1,0,0,0,0,0,0,0,0,0,1,0,0,0,0,0,0,0,12
1,1,0,0,0,1,0,0,0,0,0,0,0,0,0,0,0,0,0,0,0,0,0,10
1,1,0,0,0,1,0,0,1,0,0,0,0,0,0,0,0,0,0,0,0,0,0,14
1,1,0,0,0,1,0,0,0,0,0,0,0,0,0,1,0,0,0,0,0,0,0,12
1,1,0,0,0,1,0,0,0,0,0,0,0,0,0,1,0,0,0,0,0,0,0,12
1,1,0,0,0,1,0,0,1,0,0,0,0,0,0,0,0,0,0,0,0,0,0,14
1,1,0,0,0,1,0,0,0,0,0,0,0,0,0,0,0,0,0,0,0,0,0,10
1,1,0,0,0,1,0,0,0,0,0,0,0,0,0,0,0,0,0,0,1,0,0,14
1,1,0,0,0,1,0,0,0,0,0,0,0,0,0,0,0,0,0,0,0,0,0,10
1,1,0,0,0,1,0,0,0,0,0,0,0,0,0,0,0,0,0,0,0,0,0,10
1,1,0,0,0,1,0,0,0,0,0,0,0,0,0,0,0,0,0,0,0,0,0,10
1,1,0,0,0,1,0,0,0,0,0,0,1,0,0,0,0,0,0,0,0,0,0,13
1,1,0,0,0,1,0,0,0,0,0,0,0,0,0,0,0,0,0,0,0,0,0,10
1,1,0,0,0,1,0,0,0,0,0,0,0,0,0,0,0,0,0,0,1,0,0,14
1,1,0,0,0,1,0,0,0,0,0,0,0,0,0,0,0,0,0,0,1,0,0,14
1,1,0,0,0,1,0,0,1,0,0,0,0,0,0,0,0,0,0,0,0,0,0,14
1,1,0,0,0,1,0,0,0,0,0,0,0,0,0,0,0,0,0,0,0,0,0,10
1,1,0,0,0,1,0,0,1,0,0,0,0,0,0,0,0,0,0,0,0,0,0,14
1,1,0,0,0,1,0,0,0,0,0,0,0,0,0,0,0,0,0,0,0,0,0,10
1,1,0,0,0,1,0,0,0,0,0,0,0,0,0,0,0,0,0,0,0,0,0,10
1,1,0,0,0,1,0,0,0,0,0,0,0,0,0,0,0,0,0,0,0,0,0,10
1,1,0,0,0,1,0,0,0,0,0,0,0,0,0,0,0,0,0,0,0,0,0,10
1,1,0,0,0,1,0,0,0,0,0,0,0,0,0,1,0,0,0,0,0,0,0,12
1,1,0,0,0,1,0,0,0,0,0,0,0,0,0,0,0,0,0,0,0,0,0,10
1,1,0,0,0,1,0,0,0,0,0,0,0,0,0,0,0,0,0,0,0,0,0,10
1,1,0,0,0,1,0,0,0,0,0,0,0,0,1,0,0,0,0,0,0,0,0,12
1,1,0,0,0,1,0,0,0,0,0,0,0,0,0,0,0,0,0,0,0,1,0,13
1,1,0,0,0,1,0,0,0,0,0,0,0,0,0,0,0,0,0,0,0,0,1,13
1,1,0,0,0,1,0,0,0,0,0,0,0,0,0,0,0,0,0,0,0,0,0,10
1,1,0,0,0,1,0,0,0,1,0,0,0,0,0,0,0,0,0,0,0,0,0,14
1,1,0,0,0,1,0,0,0,0,0,0,0,0,0,0,0,0,0,0,0,0,0,10
1,1,0,0,0,1,0,0,0,0,0,0,0,0,0,0,0,0,0,0,0,0,0,10
1,1,0,0,0,1,0,0,0,0,0,0,0,0,0,0,0,0,0,0,0,0,0,10
1,1,0,0,0,1,0,0,0,0,0,0,0,0,0,0,0,0,0,0,1,0,0,14
1,1,0,0,0,1,0,0,0,0,0,0,0,0,0,1,0,0,0,0,0,0,0,12
1,1,0,0,0,1,0,0,0,0,0,0,0,0,0,0,0,0,0,0,0,1,0,13
1,1,0,0,0,1,0,0,0,0,0,0,0,0,0,0,0,0,0,0,0,0,0,10
4,1,0,0,1,1,1,0,0,0,0,0,0,0,0,0,0,0,1,0,0,0,1,25
5,1,0,0,1,1,1,0,0,0,0,0,0,0,0,0,0,0,0,0,0,0,0,23
6,2,1,0,1,1,0,0,0,1,0,0,0,0,0,0,0,0,0,0,0,0,0,43
4,1,0,0,1,1,0,0,0,0,0,0,1,0,1,1,0,0,0,0,0,0,0,23
7,1,1,0,1,1,1,0,0,0,0,0,0,0,0,0,0,0,0,0,0,0,1,39
5,1,1,0,1,1,1,0,0,0,0,0,0,0,0,0,0,0,0,0,0,0,1,36
7,1,0,0,1,1,1,0,0,0,0,1,0,0,1,1,1,0,0,0,0,0,0,35
5,1,0,0,1,1,0,0,0,0,0,0,0,0,0,0,0,0,0,0,0,0,0,18
6,1,1,0,1,1,1,0,0,0,1,0,0,0,0,0,0,1,0,0,0,0,0,42
7,1,0,0,1,1,0,0,0,0,0,0,0,0,1,0,0,0,0,1,1,0,0,29
6,1,1,0,1,1,1,0,1,0,0,0,0,0,0,1,0,0,0,0,0,0,0,40
7,2,0,0,1,1,0,0,0,0,0,0,0,0,1,0,0,0,0,0,0,0,1,34
6,1,1,0,1,1,0,0,0,0,0,0,1,0,0,0,0,0,0,0,0,0,0,33
1,1,0,0,0,1,0,0,0,0,0,0,0,0,0,0,0,0,0,0,0,1,0,13
1,1,0,0,0,1,0,0,0,1,0,0,0,0,0,0,0,0,0,0,0,0,0,14
1,1,0,0,0,1,0,0,0,0,0,0,0,0,0,0,0,0,0,0,0,0,0,10
1,1,0,0,0,1,0,0,0,0,0,0,0,0,0,0,0,0,0,0,0,1,0,13
1,1,0,0,0,1,0,0,0,0,0,0,0,0,0,1,0,0,0,0,0,0,0,12
1,1,0,0,0,1,0,0,0,0,0,0,0,0,0,0,0,0,0,0,0,1,0,13
1,1,0,0,0,1,0,0,0,0,0,0,0,0,0,0,0,0,0,0,0,1,0,13
1,1,0,0,0,1,0,0,0,0,0,0,0,0,0,0,0,0,0,0,0,0,0,10
1,1,0,0,0,1,0,0,0,0,0,0,0,0,0,0,0,0,0,0,1,0,0,14
1,1,0,0,0,1,0,0,0,0,0,0,0,0,0,0,0,0,0,0,0,0,0,10
1,1,0,0,0,1,0,0,0,0,0,0,0,0,0,0,0,0,0,0,0,0,0,10
1,1,0,0,0,1,0,0,0,0,0,0,0,0,0,0,0,0,0,0,0,1,0,13
1,1,0,0,0,1,0,0,0,0,0,0,0,0,0,0,0,0,0,0,0,0,0,10
1,1,0,0,0,1,0,0,0,0,0,0,0,0,0,0,0,0,0,0,0,0,0,10
1,1,0,0,0,1,0,0,0,0,0,0,0,0,0,0,0,0,0,0,0,0,0,10
1,1,0,0,0,1,0,0,0,0,0,0,0,0,0,0,0,0,0,0,0,0,0,10
1,1,0,0,0,1,0,0,0,0,0,0,0,0,0,0,0,0,0,0,0,0,0,10
1,1,0,0,0,1,0,0,0,0,0,0,0,0,1,0,0,0,0,0,0,0,0,12
1,1,0,0,0,1,0,0,0,0,0,0,0,0,0,0,0,0,0,0,0,0,0,10
1,1,0,0,0,1,0,0,0,0,0,0,0,0,1,0,0,0,0,0,0,0,0,12
1,1,0,0,0,1,0,0,0,0,0,0,0,0,0,0,0,0,0,0,0,0,0,10
1,1,0,0,0,1,0,0,1,0,0,0,0,0,0,0,0,0,0,0,0,0,0,14
1,1,0,0,0,1,0,0,0,0,0,0,0,0,0,0,0,0,0,0,0,0,0,10
1,1,0,0,0,1,0,0,0,0,0,0,0,0,0,0,0,0,0,0,0,0,0,10
1,1,0,0,0,1,0,0,0,0,0,0,1,0,0,0,0,0,0,0,0,0,0,13
1,1,0,0,0,1,0,0,0,0,0,0,0,0,0,0,0,0,0,0,0,0,0,10
1,1,0,0,0,1,0,0,0,0,0,0,0,0,0,0,0,0,0,0,1,0,0,14
1,1,0,0,0,1,0,0,0,0,0,0,0,0,0,0,0,0,0,0,0,0,0,10
1,1,0,0,0,1,0,0,0,0,0,0,0,0,0,0,0,0,0,0,0,0,0,10
1,1,0,0,0,1,0,0,0,0,0,0,0,0,0,0,0,0,0,0,0,0,0,10
1,1,0,0,0,1,0,0,0,0,0,0,0,0,0,0,0,0,0,0,0,0,0,10
1,1,0,0,0,1,0,0,0,0,0,0,1,0,0,0,0,0,0,0,0,0,0,13
1,1,0,0,0,1,0,0,0,0,0,0,0,0,0,0,0,0,0,0,0,0,0,10
1,1,0,0,0,1,0,0,0,0,0,0,0,0,0,0,0,0,0,0,0,0,0,10
1,1,0,0,0,1,0,0,1,0,0,0,0,0,0,0,0,0,0,0,0,0,0,14
1,1,0,0,0,1,0,0,0,0,0,0,0,0,0,0,0,0,0,0,0,0,0,10
1,1,0,0,0,1,0,0,0,0,0,0,0,0,1,0,0,0,0,0,0,0,0,12
1,1,0,0,0,1,0,0,0,0,0,0,0,0,0,0,0,0,0,0,0,0,0,10
1,1,0,0,0,1,0,0,0,0,0,0,0,0,0,0,0,0,0,0,0,0,0,10
1,1,0,0,0,1,0,0,0,0,0,0,0,0,0,0,0,0,0,0,0,0,0,10
1,1,0,0,0,1,0,0,0,0,0,0,0,0,0,0,0,0,0,0,0,0,0,10
1,1,0,0,0,1,0,0,0,0,0,0,0,0,0,0,0,0,0,0,0,0,0,10
1,1,0,0,0,1,0,0,1,0,0,0,0,0,0,0,0,0,0,0,0,0,0,14
1,1,0,0,0,1,0,0,0,0,0,0,0,0,0,1,0,0,0,0,0,0,0,12
1,1,0,0,0,1,0,0,0,0,0,0,0,0,0,0,0,0,0,0,0,0,0,10
1,1,0,0,0,1,0,0,0,0,0,0,0,0,0,0,0,0,0,0,0,0,1,13
1,1,0,0,0,1,0,0,0,0,0,0,1,0,0,0,0,0,0,0,0,0,0,13
1,1,0,0,0,1,0,0,0,0,0,0,1,0,0,0,0,0,0,0,0,0,0,13
1,1,0,0,0,1,0,0,0,0,0,0,0,0,0,0,0,0,0,0,0,1,0,13
1,1,0,0,0,1,0,0,0,0,0,0,0,0,0,0,0,0,0,0,0,0,0,10
1,1,0,0,0,1,0,0,0,0,0,0,0,0,0,1,0,0,0,0,0,0,0,12
1,1,0,0,0,1,0,0,0,0,0,0,0,0,0,0,0,0,0,0,0,0,0,10
1,1,0,0,0,1,0,0,0,1,0,0,0,0,0,0,0,0,0,0,0,0,0,14
1,1,0,0,0,1,0,0,0,0,0,0,1,0,0,0,0,0,0,0,0,0,0,13
1,1,0,0,0,1,0,0,0,0,0,0,0,0,0,0,0,0,0,0,0,0,0,10
1,1,0,0,0,1,0,0,1,0,0,0,0,0,0,0,0,0,0,0,0,0,0,14
1,1,0,0,0,1,0,0,0,0,0,0,0,0,0,0,0,0,0,0,0,0,0,10
1,1,0,0,0,1,0,0,0,0,0,0,0,0,0,0,0,0,0,0,0,1,0,13
1,1,0,0,0,1,0,0,0,0,0,0,0,0,0,0,0,0,0,0,0,0,0,10
1,1,0,0,0,1,0,0,0,0,0,0,0,0,0,0,0,0,0,0,0,0,0,10
1,1,0,0,0,1,0,0,0,1,0,0,0,0,0,0,0,0,0,0,0,0,0,14
1,1,0,0,0,1,0,0,0,0,0,0,0,0,0,0,0,0,0,0,0,0,0,10
1,1,0,0,0,1,0,0,0,0,0,0,0,0,0,0,0,0,0,0,0,0,0,10
1,1,0,0,0,1,0,0,1,0,0,0,0,0,0,0,0,0,0,0,0,0,0,14
1,1,0,0,0,1,0,0,0,0,0,0,0,0,0,0,0,0,0,0,1,0,0,14
1,1,0,0,0,1,0,0,0,0,0,0,0,0,0,0,0,0,0,0,0,0,0,10
1,1,0,0,0,1,0,0,0,0,0,0,0,0,0,0,0,0,0,0,0,0,0,10
1,1,0,0,0,1,0,0,0,0,0,0,0,0,0,0,0,0,0,0,0,0,0,10
1,1,0,0,0,1,0,0,0,0,0,0,0,0,0,0,0,0,0,0,0,0,0,10
1,1,0,0,0,1,0,0,0,0,0,0,0,0,0,0,0,0,0,0,0,0,0,10
1,1,0,0,0,1,0,0,0,0,0,0,0,0,0,0,0,0,0,0,0,0,0,10
1,1,0,0,0,1,0,0,0,0,0,0,0,0,0,0,0,0,0,0,0,1,0,13
1,1,0,0,0,1,0,0,0,0,0,0,0,0,0,0,0,0,0,0,0,0,0,10
1,1,0,0,0,1,0,0,0,0,0,0,0,0,0,0,0,0,0,0,0,0,0,10
1,1,0,0,0,1,0,0,0,0,0,0,0,0,0,0,0,0,0,0,0,1,0,13
1,1,0,0,0,1,0,0,0,0,0,0,0,0,0,0,0,0,0,0,0,0,0,10
1,1,0,0,0,1,0,0,0,0,0,0,0,0,1,0,0,0,0,0,0,0,0,12
1,1,0,0,0,1,0,0,0,0,0,0,0,0,0,0,0,0,0,0,0,0,0,10
1,1,0,0,0,1,0,0,0,0,0,0,0,0,0,0,0,0,0,0,0,0,0,10
1,1,0,0,0,1,0,0,0,0,0,0,0,0,0,0,0,0,0,0,0,0,0,10
1,1,0,0,0,1,0,0,0,0,0,0,0,0,0,0,0,0,0,0,0,0,0,10
1,1,0,0,0,1,0,0,1,0,0,0,0,0,0,0,0,0,0,0,0,0,0,14
1,1,0,0,0,1,0,0,0,0,0,0,0,0,0,0,0,0,0,0,0,0,0,10
1,1,0,0,0,1,0,0,0,0,0,0,0,0,0,0,0,0,0,0,0,0,0,10
1,1,0,0,0,1,0,0,0,0,0,0,0,0,0,0,0,0,0,0,0,1,0,13
1,1,0,0,0,1,0,0,0,0,0,0,0,0,0,0,0,0,0,0,0,0,0,10
1,1,0,0,0,1,0,0,0,0,0,0,0,0,0,0,0,0,0,0,0,0,0,10
1,1,0,0,0,1,0,0,0,0,0,0,0,0,0,0,0,0,0,0,0,0,0,10
1,1,0,0,0,1,0,0,0,0,0,0,0,0,0,0,0,0,0,0,0,0,0,10
1,1,0,0,0,1,0,0,0,0,0,0,1,0,0,0,0,0,0,0,0,0,0,13
1,1,0,0,0,1,0,0,0,0,0,0,0,0,0,0,0,0,0,0,0,0,0,10
1,1,0,0,0,1,0,0,0,0,0,0,0,0,0,0,0,0,0,0,0,0,0,10
1,1,0,0,0,1,0,0,0,0,0,0,0,0,0,0,0,0,0,0,0,0,0,10
1,1,0,0,0,1,0,0,0,0,0,0,1,0,0,0,0,0,0,0,0,0,0,13
1,1,0,0,0,1,0,0,0,0,0,0,0,0,0,0,0,0,0,0,0,0,0,10
1,1,0,0,0,1,0,0,0,0,0,0,0,0,1,0,0,0,0,0,0,0,0,12
1,1,0,0,0,1,0,0,0,0,0,0,0,0,0,0,0,0,0,0,0,0,0,10
1,1,0,0,0,1,0,0,0,0,0,0,0,0,1,0,0,0,0,0,0,0,0,12
1,1,0,0,0,1,0,0,0,0,0,0,0,0,0,0,0,0,0,0,0,0,0,10
1,1,0,0,0,1,0,0,0,0,0,0,0,0,0,0,0,0,0,0,0,0,0,10
1,1,0,0,0,1,0,0,0,0,0,0,0,0,0,0,0,0,0,0,0,1,0,13
1,1,0,0,0,1,0,0,0,0,0,0,0,0,0,1,0,0,0,0,0,0,0,12
1,1,0,0,0,1,0,0,0,0,0,0,0,0,0,0,0,0,0,0,0,1,0,13
1,1,0,0,0,1,0,0,0,0,0,0,0,0,0,1,0,0,0,0,0,0,0,12
1,1,0,0,0,1,0,0,0,0,0,0,0,0,0,0,0,0,0,0,0,0,0,10
1,1,0,0,0,1,0,0,0,0,0,0,0,0,0,0,0,0,0,0,0,0,0,10
1,1,0,0,0,1,0,0,0,0,0,0,0,0,0,0,0,0,0,0,0,0,0,10
1,1,0,0,0,1,0,0,0,0,0,0,0,0,0,0,0,0,0,0,0,0,0,10
1,1,0,0,0,1,0,0,0,0,0,0,0,0,0,0,0,0,0,0,0,0,0,10
1,1,0,0,0,1,0,0,0,0,0,0,0,0,0,0,0,0,0,0,0,0,0,10
1,1,0,0,0,1,0,0,0,0,0,0,0,0,0,0,0,0,0,0,0,1,0,13
1,1,0,0,0,1,0,0,0,0,0,0,0,0,0,0,0,0,0,0,0,0,0,10
1,1,0,0,0,1,0,0,0,0,0,0,0,0,0,0,0,0,0,0,0,0,0,10
1,1,0,0,0,1,0,0,0,1,0,0,0,0,0,0,0,0,0,0,0,0,0,14
6,1,1,0,1,1,1,0,0,0,1,0,0,0,0,0,0,0,0,0,0,1,0,39
5,1,1,0,1,1,1,0,1,0,0,0,0,0,0,0,0,1,0,0,0,0,0,43
4,2,0,0,1,1,1,0,0,0,0,0,0,0,0,0,0,0,1,0,0,0,0,31
5,2,0,0,1,1,1,0,0,0,0,0,0,0,0,0,0,1,0,0,0,0,0,37
6,2,0,0,1,1,1,0,0,0,0,0,0,0,0,0,0,0,0,1,0,0,0,36
7,2,0,0,1,1,0,0,0,1,0,0,1,0,0,0,0,1,0,0,0,0,0,43
5,1,1,0,1,1,1,0,1,0,0,0,0,0,0,0,0,0,0,1,0,0,0,40
7,2,1,0,1,1,1,0,0,0,0,0,0,0,1,0,0,0,0,0,0,0,0,48
5,2,1,0,1,1,1,0,0,0,0,0,0,0,0,0,0,0,1,0,0,0,0,44
1,1,0,0,0,1,0,0,0,0,0,0,0,0,0,0,0,0,0,0,0,0,0,10
1,1,0,0,0,1,0,0,0,1,0,0,0,0,0,0,0,0,0,0,0,0,0,14
1,1,0,0,0,1,0,0,0,0,0,0,0,0,0,0,0,0,0,0,0,0,0,10
1,1,0,0,0,1,0,0,0,0,0,0,0,0,0,0,0,0,0,0,1,0,0,14
1,1,0,0,0,1,0,0,0,0,0,0,0,0,0,0,0,0,0,0,0,0,0,10
1,1,0,0,0,1,0,0,0,0,0,0,0,0,0,0,0,0,0,0,0,0,1,13
1,1,0,0,0,1,0,0,0,0,0,0,0,0,0,0,0,0,0,0,0,0,0,10
1,1,0,0,0,1,0,0,0,0,0,0,0,0,0,0,0,0,0,0,0,0,0,10
1,1,0,0,0,1,0,0,0,0,0,0,0,0,0,0,0,0,0,0,0,0,0,10
1,1,0,0,0,1,0,0,0,0,0,0,0,0,1,0,0,0,0,0,0,0,0,12
1,1,0,0,0,1,0,0,0,0,0,0,0,0,0,0,0,0,0,0,0,0,0,10
1,1,0,0,0,1,0,0,1,0,0,0,0,0,0,0,0,0,0,0,0,0,0,14
1,1,0,0,0,1,0,0,0,0,0,0,0,0,0,0,0,0,0,0,0,0,0,10
1,1,0,0,0,1,0,0,0,0,0,0,0,0,0,0,0,0,0,0,0,0,0,10
1,1,0,0,0,1,0,0,0,1,0,0,0,0,0,0,0,0,0,0,0,0,0,14
1,1,0,0,0,1,0,0,0,1,0,0,0,0,0,0,0,0,0,0,0,0,0,14
1,1,0,0,0,1,0,0,0,0,0,0,0,0,0,0,0,0,0,0,0,0,0,10
1,1,0,0,0,1,0,0,0,0,0,0,0,0,0,0,0,0,0,0,0,0,0,10
1,1,0,0,0,1,0,0,0,0,0,0,0,0,0,0,0,0,0,0,0,0,0,10
1,1,0,0,0,1,0,0,0,0,0,0,0,0,0,0,0,0,0,0,0,0,0,10
1,1,0,0,0,1,0,0,0,0,0,0,0,0,0,0,0,0,0,0,0,0,0,10
1,1,0,0,0,1,0,0,1,0,0,0,0,0,0,0,0,0,0,0,0,0,0,14
1,1,0,0,0,1,0,0,0,0,0,0,0,0,0,0,0,0,0,0,0,0,0,10
1,1,0,0,0,1,0,0,0,0,0,0,0,0,0,0,0,0,0,0,0,0,0,10
1,1,0,0,0,1,0,0,0,0,0,0,1,0,0,0,0,0,0,0,0,0,0,13
1,1,0,0,0,1,0,0,0,0,0,0,0,0,0,0,0,0,0,0,0,0,1,13
1,1,0,0,0,1,0,0,0,0,0,0,0,0,0,0,0,0,0,0,0,0,0,10
1,1,0,0,0,1,0,0,0,0,0,0,0,0,0,0,0,0,0,0,0,0,0,10
1,1,0,0,0,1,0,0,0,0,0,0,0,0,0,0,0,0,0,0,0,0,0,10
1,1,0,0,0,1,0,0,0,0,0,0,0,0,0,0,0,0,0,0,0,0,1,13
1,1,0,0,0,1,0,0,0,0,0,0,0,0,0,0,0,0,0,0,0,0,0,10
1,1,0,0,0,1,0,0,0,0,0,0,0,0,0,0,0,0,0,0,0,0,0,10
1,1,0,0,0,1,0,0,0,0,0,0,0,0,0,0,0,0,0,0,0,0,0,10
1,1,0,0,0,1,0,0,0,0,0,0,0,0,0,0,0,0,0,0,0,0,0,10
1,1,0,0,0,1,0,0,0,0,0,0,0,0,0,0,0,0,0,0,0,0,0,10
1,1,0,0,0,1,0,0,0,0,0,0,0,0,0,0,0,0,0,0,0,0,1,13
1,1,0,0,0,1,0,0,0,0,0,0,1,0,0,0,0,0,0,0,0,0,0,13
1,1,0,0,0,1,0,0,0,0,0,0,0,0,0,0,0,0,0,0,0,0,0,10
1,1,0,0,0,1,0,0,0,0,0,0,0,0,0,0,0,0,0,0,0,0,0,10
1,1,0,0,0,1,0,0,0,0,0,0,0,0,0,0,0,0,0,0,0,0,0,10
1,1,0,0,0,1,0,0,0,0,0,0,0,0,0,0,0,0,0,0,0,0,0,10
1,1,0,0,0,1,0,0,0,0,0,0,0,0,0,0,0,0,0,0,1,0,0,14
1,1,0,0,0,1,0,0,0,0,0,0,0,0,0,0,0,0,0,0,0,0,0,10
1,1,0,0,0,1,0,0,0,0,0,0,0,0,0,0,0,0,0,0,0,0,0,10
1,1,0,0,0,1,0,0,0,0,0,0,0,0,0,0,0,0,0,0,0,0,0,10
1,1,0,0,0,1,0,0,0,0,0,0,0,0,0,0,0,0,0,0,0,0,0,10
1,1,0,0,0,1,0,0,0,0,0,0,0,0,0,1,0,0,0,0,0,0,0,12
1,1,0,0,0,1,0,0,0,0,0,0,0,0,0,0,0,0,0,0,0,0,0,10
1,1,0,0,0,1,0,0,0,1,0,0,0,0,0,0,0,0,0,0,0,0,0,14
1,1,0,0,0,1,0,0,1,0,0,0,0,0,0,0,0,0,0,0,0,0,0,14
1,1,0,0,0,1,0,0,0,0,0,0,0,0,0,0,0,0,0,0,0,0,0,10
1,1,0,0,0,1,0,0,0,0,0,0,1,0,0,0,0,0,0,0,0,0,0,13
1,1,0,0,0,1,0,0,1,0,0,0,0,0,0,0,0,0,0,0,0,0,0,14
1,1,0,0,0,1,0,0,0,0,0,0,0,0,0,0,0,0,0,0,1,0,0,14
1,1,0,0,0,1,0,0,0,0,0,0,0,0,1,0,0,0,0,0,0,0,0,12
1,1,0,0,0,1,0,0,0,0,0,0,0,0,0,0,0,0,0,0,0,0,0,10
1,1,0,0,0,1,0,0,0,0,0,0,0,0,0,0,0,0,0,0,0,0,0,10
7,2,0,0,1,1,1,0,1,0,0,0,0,0,0,0,0,0,0,1,0,0,0,41
5,2,0,0,1,1,1,0,1,0,0,1,0,0,0,0,0,0,0,0,0,0,0,39
6,2,0,0,1,1,1,0,1,0,0,1,0,0,0,0,1,0,0,0,0,0,0,42
4,1,0,0,1,1,0,0,1,0,0,0,0,0,0,0,0,0,0,0,0,1,0,22
4,1,0,0,1,1,0,0,0,0,0,0,0,0,0,0,0,0,0,0,0,0,0,17
6,2,0,0,1,1,0,0,0,0,0,0,0,0,0,0,1,0,0,0,1,0,0,33
6,2,0,0,1,1,1,0,0,0,0,0,0,0,0,0,1,0,0,0,1,0,0,38
7,1,1,0,1,1,0,0,0,0,0,0,1,0,0,0,0,1,0,0,0,0,0,40
4,2,1,0,1,1,0,0,1,0,0,0,0,0,0,0,0,0,0,1,0,0,0,44
6,1,1,0,1,1,1,0,0,0,0,0,0,0,0,0,0,0,0,0,0,0,1,38
7,2,0,0,1,1,0,0,1,0,0,0,0,0,0,0,1,0,0,0,0,1,0,37
4,2,0,0,1,1,0,0,0,0,0,0,0,0,0,0,0,0,0,0,0,0,1,28
6,1,1,0,1,1,0,0,1,0,1,1,0,0,0,0,1,0,0,0,0,0,0,44
7,2,0,0,1,1,1,0,0,0,0,0,0,0,0,1,0,0,0,1,0,0,0,41
6,2,0,0,1,1,1,0,0,1,0,0,0,0,0,1,0,0,0,0,0,0,0,38
6,2,1,0,1,1,1,0,1,0,0,0,0,0,0,0,0,0,0,0,0,0,0,48
4,2,1,0,1,1,1,0,0,0,0,0,0,0,0,1,0,0,0,0,0,1,0,46
4,1,0,0,1,1,1,0,0,0,0,0,0,0,0,0,0,0,0,0,0,0,0,21
4,2,1,0,1,1,1,0,0,0,1,0,0,0,0,0,0,1,0,0,0,0,1,50
5,2,1,0,1,1,0,0,0,0,1,0,0,0,0,0,0,0,0,0,0,0,0,40
4,1,0,0,1,1,0,0,0,0,0,0,0,0,0,0,0,0,0,0,0,0,0,17
7,2,1,0,1,1,1,0,0,0,0,0,0,0,0,0,0,0,1,1,0,0,0,50
5,2,0,0,1,1,1,0,0,0,0,0,0,0,0,0,0,0,0,0,0,0,0,32
7,2,0,0,1,1,0,0,0,1,0,0,1,0,1,0,0,0,0,0,0,0,0,37
7,2,1,0,1,1,1,0,0,1,0,0,1,0,0,0,0,0,1,0,0,0,0,52
6,2,0,0,1,1,0,0,0,1,0,0,0,0,0,0,0,0,0,0,0,0,0,35
4,1,0,0,1,1,0,0,0,0,0,0,0,0,0,1,0,0,0,0,0,0,0,19
7,2,0,0,1,1,1,0,0,0,0,0,0,0,0,0,0,0,0,0,0,1,0,39
6,1,0,0,1,1,1,0,0,0,0,0,0,0,0,0,0,0,0,0,0,0,0,24
6,1,0,0,1,1,0,0,0,0,0,0,0,0,1,0,0,0,1,0,0,0,0,22
6,2,0,0,1,1,0,0,0,0,0,0,0,0,0,0,0,0,0,0,1,0,0,32
4,1,1,0,1,1,1,0,0,0,0,0,0,0,0,0,0,0,0,0,0,1,0,35
7,2,1,0,1,1,1,0,0,0,0,0,0,0,0,1,0,0,0,0,0,1,0,50
6,1,0,0,1,1,1,0,0,0,0,0,0,0,0,0,0,1,0,1,0,0,0,33
6,2,0,0,1,1,1,0,0,0,0,0,0,0,0,0,0,0,0,0,0,0,0,33
7,2,0,0,1,1,1,0,0,0,0,1,0,0,0,0,0,0,0,0,0,0,0,39
4,2,0,0,1,1,1,0,0,0,0,0,0,0,0,0,0,1,0,0,1,0,0,39
7,1,1,0,1,1,0,0,0,0,1,0,0,0,0,0,1,0,0,0,0,0,0,35
4,2,1,0,1,1,0,0,0,0,0,0,0,0,0,0,0,0,0,0,1,0,0,40
4,2,0,0,1,1,0,0,0,0,0,0,0,0,0,0,0,0,0,0,0,0,0,26
7,1,0,0,1,1,0,0,0,0,0,0,0,0,0,0,0,0,0,1,0,1,1,29
7,1,0,0,1,1,0,0,0,0,1,0,0,0,0,0,0,0,1,0,0,0,0,23
4,1,1,0,1,1,1,0,0,0,0,1,0,0,0,0,1,0,0,0,1,0,0,41
4,2,0,0,1,1,1,0,0,0,1,0,0,0,0,0,0,0,0,0,0,0,0,31
7,2,1,0,1,1,1,0,0,1,0,0,0,0,0,0,0,0,1,1,0,0,0,56
5,1,1,0,1,1,0,0,0,0,0,0,0,0,0,0,0,0,0,0,0,0,0,30
6,1,0,0,1,1,1,0,0,0,1,0,0,0,1,1,0,0,0,0,0,1,0,31
4,1,1,0,1,1,0,0,1,0,0,0,0,0,0,0,0,0,0,1,0,0,0,35
5,1,0,0,1,1,1,0,0,0,0,0,0,0,0,0,0,0,0,0,0,0,0,23
7,1,1,0,1,1,1,0,0,0,1,0,0,0,0,0,0,0,1,0,0,0,0,39
6,1,0,0,1,1,1,0,0,0,0,1,0,0,0,0,0,0,0,0,0,0,0,28
5,1,1,0,1,1,0,0,0,0,0,0,0,0,0,0,1,0,0,0,0,0,1,33
5,1,1,0,1,1,0,0,0,0,0,0,0,0,1,0,0,0,1,0,0,1,0,35
7,1,0,0,1,1,1,0,1,1,0,0,0,0,0,0,0,0,0,0,0,0,1,34
5,1,1,0,1,1,0,0,0,0,0,0,0,0,0,0,0,0,0,0,0,0,0,30
7,1,1,0,1,1,1,0,0,0,0,1,0,0,0,0,1,0,0,0,0,0,0,42
5,2,0,0,1,1,0,0,0,0,0,0,0,0,0,0,0,0,0,0,0,0,0,27
7,2,1,0,1,1,1,0,0,0,0,1,1,0,0,0,0,1,0,0,0,0,0,62
5,2,1,0,1,1,1,0,1,0,0,0,0,0,0,0,0,0,0,0,0,1,0,49
4,1,0,0,1,1,1,0,0,0,0,0,0,0,1,0,0,0,1,0,0,0,0,24
6,2,1,0,1,1,0,0,0,0,0,0,0,0,0,0,0,0,0,0,1,0,0,43
6,1,0,0,1,1,1,0,0,0,0,0,0,0,0,0,0,1,0,0,0,0,0,30
7,2,0,0,1,1,0,0,0,0,0,0,0,0,0,0,0,0,1,1,0,0,1,36
5,1,1,0,1,1,0,0,0,0,1,0,0,0,0,0,0,0,0,0,0,0,0,30
7,2,0,0,1,1,1,0,0,1,0,0,0,0,0,0,0,0,0,1,0,0,0,41
7,2,1,0,1,1,1,0,0,0,1,0,0,0,0,0,0,1,0,0,1,0,0,55
4,1,1,0,1,1,0,0,0,0,0,0,0,0,0,0,0,0,1,0,0,0,0,29
7,1,1,0,1,1,1,0,0,0,0,1,1,0,0,1,0,0,0,0,0,1,0,53
4,2,1,0,1,1,1,0,0,0,0,0,0,0,0,0,0,0,0,0,0,0,0,42
4,2,1,0,1,1,0,0,0,0,0,0,0,0,0,0,0,0,0,0,0,0,1,40
4,1,0,0,1,1,1,0,0,0,0,0,1,0,0,0,0,0,0,0,0,0,0,24
6,2,0,0,1,1,0,0,1,0,0,1,0,0,0,0,0,1,0,0,0,0,0,47
4,1,0,0,1,1,0,0,0,0,0,0,0,0,0,0,0,0,0,0,0,0,0,17
6,1,1,0,1,1,0,0,0,0,0,0,0,0,0,0,0,1,0,0,1,0,0,40
6,2,1,0,1,1,0,0,0,0,1,0,0,0,0,1,0,0,1,0,0,1,0,47
6,2,0,0,1,1,0,0,0,0,0,0,0,0,0,0,0,0,0,0,0,0,0,29
6,1,0,0,1,1,1,0,0,1,0,0,0,0,0,0,0,0,0,0,0,0,1,30
4,1,1,0,1,1,0,0,0,0,0,1,0,0,0,0,0,0,0,0,0,0,0,32
5,2,1,0,1,1,1,0,0,0,0,0,0,0,0,0,1,1,1,0,0,0,0,51
6,1,0,0,1,1,1,0,0,0,0,0,0,0,0,0,0,0,0,0,0,0,0,24
4,1,0,0,1,1,0,0,0,0,0,0,0,0,0,0,0,0,0,0,1,0,0,20
7,2,1,0,1,1,0,0,0,0,1,0,1,0,0,1,1,0,0,0,0,0,0,49
6,2,0,0,1,1,0,0,0,0,0,0,0,0,0,0,0,0,0,1,0,0,0,35
7,1,1,0,1,1,0,0,0,0,0,0,1,0,0,0,0,1,0,0,0,0,0,40
4,1,0,0,1,1,0,0,0,0,0,0,0,0,1,0,1,0,0,0,0,1,0,22
4,2,0,0,1,1,0,0,1,0,0,0,0,0,1,0,0,0,0,0,0,0,0,31
5,1,0,0,1,1,0,0,1,0,0,0,1,0,0,0,0,0,0,0,0,0,0,24
5,2,0,0,1,1,0,0,0,0,0,0,0,0,0,0,0,0,0,1,0,0,0,30
5,1,1,0,1,1,1,0,0,0,0,0,0,0,0,0,0,1,0,0,0,0,0,40
7,2,0,0,1,1,1,0,0,1,1,0,0,0,0,0,1,0,0,0,0,1,0,45
5,2,1,0,1,1,0,0,0,0,1,0,0,0,0,1,0,0,0,0,0,0,0,41
7,2,0,0,1,1,0,0,0,1,0,0,0,0,0,0,1,0,0,0,0,0,0,35
7,2,0,0,1,1,1,0,0,0,0,0,0,0,0,0,0,0,0,0,1,1,0,40
6,2,0,0,1,1,0,0,0,0,0,1,0,0,0,0,0,1,0,0,0,0,0,38
7,1,0,0,1,1,1,0,0,0,0,0,0,0,0,0,0,0,0,1,1,1,0,34
7,2,0,0,1,1,1,0,0,0,0,0,0,0,0,0,0,0,0,1,0,0,0,38
6,2,1,0,1,1,1,0,0,0,0,0,0,0,0,0,0,0,1,0,0,0,0,45
5,2,1,0,1,1,0,0,0,0,0,0,0,0,0,0,0,0,0,0,0,0,1,41
7,1,0,0,1,1,0,0,0,0,1,0,0,0,0,0,0,0,0,0,0,0,0,22
7,1,1,0,1,1,0,0,0,0,0,1,0,0,0,1,1,0,0,0,0,0,0,40
7,2,1,0,1,1,1,0,0,0,0,0,0,0,0,1,0,0,0,0,0,0,0,48
4,2,1,0,1,1,1,0,0,0,0,0,0,0,0,0,0,1,0,0,1,0,0,50
4,1,1,0,1,1,1,0,0,0,0,0,1,0,0,0,0,0,0,1,0,0,0,41
6,1,1,0,1,1,0,0,0,0,0,0,0,0,0,0,1,0,1,0,0,1,0,35
4,2,0,0,1,1,0,0,0,0,0,0,0,0,0,0,0,0,0,1,0,0,0,29
7,2,1,0,1,1,1,0,0,1,0,1,0,0,0,0,0,0,1,0,0,0,0,54
4,1,0,0,1,1,0,0,0,0,1,0,0,0,0,0,1,0,1,0,0,0,0,20
7,2,1,0,1,1,1,0,0,0,0,0,0,0,0,0,0,0,0,0,0,0,0,46
4,2,1,0,1,1,0,0,0,0,0,0,0,0,0,1,0,0,0,0,0,0,0,39
4,1,0,0,1,1,1,0,0,0,0,0,0,0,0,0,0,0,0,0,0,0,0,21
6,1,1,0,1,1,0,0,0,0,0,0,0,0,0,0,0,0,0,0,1,0,0,34
5,2,1,0,1,1,1,0,0,0,0,0,1,0,0,0,0,0,0,0,1,0,0,51
6,2,0,0,1,1,1,0,0,0,1,0,1,0,0,0,0,0,0,0,0,1,0,39
5,1,1,0,1,1,1,0,0,0,0,0,0,0,0,0,0,1,0,0,0,0,0,40
7,2,1,0,1,1,0,0,1,0,0,0,0,0,0,0,0,0,0,0,0,1,0,47
4,2,1,0,1,1,0,0,0,0,0,0,1,0,0,0,0,0,0,1,0,0,0,43
5,2,1,0,1,1,1,0,0,0,0,0,0,0,0,0,0,0,0,0,1,0,0,46
4,1,1,0,1,1,1,0,1,0,0,0,0,0,0,0,0,0,0,0,0,1,0,40
6,2,0,0,1,1,0,0,1,0,0,0,0,0,0,0,0,0,0,0,0,0,0,32
6,2,1,0,1,1,0,0,0,0,0,0,0,0,1,0,0,0,0,0,0,0,0,42
7,2,0,0,1,1,1,0,0,0,0,0,0,0,0,1,0,1,1,0,0,0,1,45
5,2,0,0,1,1,1,0,0,0,0,0,0,0,0,0,0,0,0,0,0,0,1,34
7,1,0,0,1,1,0,0,0,1,0,0,0,0,0,1,0,0,0,0,0,0,0,26
7,1,1,0,1,1,0,0,0,0,0,0,0,0,0,0,1,0,0,0,0,0,0,35
6,2,0,0,1,1,0,0,0,1,0,0,1,0,0,0,0,0,0,0,0,0,0,34
4,2,1,0,1,1,0,0,1,0,0,0,0,0,0,0,0,0,0,0,0,0,0,40
6,1,0,0,1,1,0,0,0,0,1,0,0,0,0,0,0,1,0,0,0,1,0,28
5,1,0,0,1,1,1,0,0,0,0,0,0,0,0,0,0,0,0,0,0,0,0,23
6,2,0,0,1,1,0,0,0,1,0,1,0,0,0,0,0,0,0,0,0,0,0,36
4,1,0,0,1,1,1,0,0,0,0,0,0,0,0,0,0,1,0,0,0,0,0,32
4,2,1,0,1,1,1,0,0,0,0,0,1,0,0,0,0,0,0,0,1,0,0,47
5,1,0,0,1,1,1,0,0,0,0,0,0,0,0,0,0,0,0,0,0,0,0,23
5,2,0,0,1,1,0,0,1,0,0,0,1,0,1,0,0,0,0,0,0,0,0,35
5,1,1,0,1,1,0,0,0,0,0,0,0,0,0,0,0,0,0,0,0,0,0,30
4,1,1,0,1,1,0,0,0,0,0,0,1,0,0,0,0,1,0,0,0,0,0,36
4,1,0,0,1,1,0,0,0,0,0,0,1,0,0,0,0,0,1,0,0,0,0,20
5,2,1,0,1,1,0,0,0,0,0,0,0,0,0,0,0,0,0,0,0,0,0,39
6,1,0,0,1,1,0,0,0,0,0,0,0,0,0,0,0,0,1,0,0,0,1,23
6,2,1,0,1,1,0,0,0,0,0,0,0,0,0,0,0,0,0,0,0,0,0,40
6,1,1,0,1,1,1,0,0,1,0,0,0,0,0,0,0,0,0,0,0,0,1,43
6,1,1,0,1,1,0,0,0,0,0,0,1,0,0,1,0,0,0,0,0,0,0,35
4,1,1,0,1,1,0,0,1,0,0,0,0,0,0,0,0,0,0,1,0,0,0,35
4,1,1,0,1,1,0,0,0,0,0,0,1,0,0,0,0,0,0,0,0,1,0,33
7,2,0,0,1,1,1,0,0,0,0,0,0,0,0,0,0,0,1,0,0,0,1,40
4,2,1,0,1,1,0,0,0,0,0,0,0,0,0,0,1,0,0,0,0,0,0,39
4,1,1,0,1,1,1,0,0,0,0,1,0,0,0,0,0,0,0,0,0,1,0,39
7,1,0,0,1,1,0,0,0,1,0,0,0,0,0,1,0,0,0,0,0,0,0,26
7,2,1,0,1,1,1,0,0,0,0,0,1,0,1,0,0,0,0,0,1,0,0,53
4,2,1,0,1,1,0,0,0,0,0,0,0,0,0,0,0,0,0,0,1,0,0,40
5,1,1,0,1,1,0,0,0,0,0,0,0,0,0,0,0,0,0,0,1,0,0,33
5,2,1,0,1,1,0,0,0,0,0,0,0,0,0,0,1,0,0,0,0,0,0,40
6,2,0,0,1,1,1,0,1,0,0,0,0,0,0,0,0,1,0,0,0,0,0,42
7,1,0,0,1,1,0,0,1,0,0,0,0,0,0,0,0,1,0,0,1,1,0,35
5,1,0,0,1,1,1,0,0,0,0,0,0,0,0,0,0,1,1,0,0,0,0,29
6,1,1,0,1,1,1,0,0,0,0,0,0,0,0,0,0,0,0,0,0,0,0,35
7,1,0,0,1,1,0,0,0,0,0,0,1,0,1,0,0,0,0,0,0,0,0,25
7,1,1,0,1,1,0,0,0,0,0,0,0,0,0,0,0,1,1,0,1,0,0,53
4,1,0,0,1,1,1,0,0,0,0,0,0,0,0,0,0,0,0,0,0,0,0,21
6,2,0,0,1,1,1,0,0,0,1,0,0,0,0,0,0,1,0,0,0,0,0,40
7,2,0,0,1,1,1,0,1,0,0,0,0,0,0,0,0,1,0,0,0,0,0,43
5,2,1,0,1,1,1,0,1,0,0,0,0,0,0,0,0,0,0,1,0,0,0,50
7,2,1,0,1,1,0,0,0,0,0,0,0,0,0,0,0,0,1,0,0,0,1,47
4,2,1,0,1,1,0,0,0,0,0,0,0,0,0,0,0,1,0,0,0,0,0,43
5,1,0,0,1,1,0,0,0,0,0,1,0,0,0,0,0,0,0,0,0,0,0,22
5,2,0,0,1,1,1,0,0,0,0,0,0,0,0,1,0,1,0,0,0,0,1,41
6,1,0,0,1,1,0,0,1,0,0,0,1,0,0,0,0,1,0,0,0,1,0,33
5,2,0,0,1,1,0,0,0,0,0,0,0,0,0,0,0,0,0,0,0,0,0,27
5,2,1,0,1,1,0,0,0,0,0,0,0,0,0,0,0,1,0,0,0,0,0,44
4,1,0,0,1,1,1,0,0,0,0,0,0,0,0,0,0,0,0,0,0,0,0,21
4,2,0,0,1,1,0,0,0,0,0,0,0,0,0,1,0,0,0,0,0,0,0,28
6,2,1,0,1,1,0,0,0,0,0,0,1,0,0,0,0,1,0,0,0,0,0,48
7,1,0,0,1,1,1,0,0,0,1,0,0,0,0,0,0,0,0,0,0,1,0,31
7,1,0,0,1,1,1,0,0,0,1,0,0,0,1,0,0,0,1,0,0,0,0,30
7,1,0,0,1,1,0,0,0,0,1,1,0,0,0,0,0,0,0,0,0,0,0,26
7,1,0,0,1,1,0,0,0,0,1,0,1,0,0,0,0,0,0,0,0,0,1,26
4,2,1,0,1,1,0,0,0,0,0,0,0,0,0,0,0,0,0,0,0,0,0,37
6,2,0,0,1,1,0,0,0,0,0,1,0,0,0,1,0,0,0,0,0,0,1,37
5,1,0,0,1,1,0,0,0,0,0,0,0,0,0,0,0,0,0,0,0,0,0,18
6,1,0,0,1,1,1,0,0,0,0,0,0,0,0,0,0,1,0,0,0,0,1,32
7,2,1,0,1,1,0,0,0,0,1,0,0,0,0,0,0,0,0,0,0,0,0,42
6,2,1,0,1,1,1,0,0,0,0,0,0,0,0,1,0,0,0,0,0,0,0,46
7,2,0,0,1,1,0,0,0,0,0,0,0,0,0,0,0,1,0,0,0,0,0,35
7,2,0,0,1,1,1,0,0,1,0,0,0,0,0,0,0,0,0,0,0,0,0,38
7,1,1,0,1,1,1,0,0,1,0,1,0,0,0,0,0,1,0,0,0,0,0,53
7,2,1,0,1,1,1,0,0,0,0,0,0,0,0,1,0,0,0,0,0,1,0,50
4,1,0,0,1,1,0,0,0,1,0,0,0,0,0,0,1,0,0,0,0,0,1,24
4,1,1,0,1,1,1,0,0,1,0,0,0,0,0,0,0,0,0,0,0,0,0,36
6,1,0,0,1,1,0,0,0,0,1,0,0,0,0,0,0,0,0,0,0,0,0,20
5,2,1,0,1,1,1,0,1,0,0,0,1,0,0,0,0,0,0,0,0,0,1,51
6,2,1,0,1,1,0,0,0,0,0,0,0,0,0,1,0,0,0,0,0,0,0,42
5,2,1,0,1,1,1,0,0,0,1,0,1,0,0,0,0,0,0,0,0,0,0,49
5,2,1,0,1,1,0,0,0,0,0,0,0,0,0,0,0,0,0,0,0,0,0,39
4,1,1,0,1,1,1,0,0,0,0,1,0,0,0,0,0,0,0,0,0,0,0,37
7,1,0,0,1,1,1,0,0,0,0,0,0,0,0,0,0,1,0,0,0,0,0,31
6,1,0,0,1,1,1,0,0,0,0,0,0,0,0,1,1,0,0,0,0,0,0,27
4,1,0,0,1,1,0,0,0,0,0,1,0,0,0,0,0,0,0,0,0,0,0,21
6,1,1,0,1,1,0,0,1,0,0,0,0,0,0,0,0,0,0,0,0,0,0,34
7,1,0,0,1,1,1,0,0,0,0,0,0,0,0,0,0,0,0,1,0,0,0,29
5,2,1,0,1,1,0,0,0,0,0,0,0,0,1,0,0,0,0,0,0,0,0,40
7,1,0,0,1,1,0,0,0,0,0,0,0,0,0,0,1,1,1,0,0,1,0,31
4,1,1,0,1,1,1,0,0,0,0,0,0,0,0,1,0,0,0,0,0,0,0,35
4,2,1,0,1,1,1,0,0,0,0,0,0,0,0,0,0,0,0,0,0,0,0,42
5,1,0,0,1,1,1,0,0,1,0,0,0,0,0,0,1,0,0,0,0,1,0,30
4,1,0,0,1,1,0,0,0,0,0,0,0,0,0,0,0,1,0,0,1,0,0,25
6,1,1,0,1,1,0,0,0,0,1,0,0,0,0,0,1,0,0,0,0,0,0,33
4,2,1,0,1,1,1,0,0,1,0,0,0,0,0,0,0,0,0,0,0,0,0,45
7,2,0,0,1,1,0,0,0,0,1,0,0,0,0,0,0,0,0,0,0,0,0,31
5,2,0,0,1,1,1,0,0,0,0,0,0,0,0,0,0,0,0,1,0,1,0,37
5,2,1,0,1,1,0,0,0,0,1,0,0,0,0,1,0,0,0,0,0,0,0,41
7,1,0,0,1,1,1,0,0,0,0,0,0,0,1,0,0,0,0,1,0,0,0,30
7,1,0,0,1,1,1,0,0,0,0,0,0,0,0,0,0,0,0,0,0,0,0,25
4,1,1,0,1,1,0,0,0,0,0,0,0,0,0,0,0,0,0,0,0,1,1,33
7,1,1,0,1,1,1,0,0,0,0,0,1,0,0,1,0,0,0,0,1,0,0,44
6,1,1,0,1,1,0,0,0,0,1,0,1,0,0,0,0,0,0,0,0,0,1,36
5,2,1,0,1,1,0,0,0,0,0,0,0,0,0,1,0,0,0,0,1,1,0,46
5,2,1,0,1,1,1,0,0,0,0,0,0,0,0,0,0,0,1,0,1,0,0,47
5,1,0,0,1,1,1,0,0,0,0,0,0,0,0,0,0,0,0,0,1,0,0,26
4,1,1,0,1,1,1,0,0,0,0,0,0,0,0,0,0,0,0,0,0,0,0,33
6,2,0,0,1,1,1,0,0,0,0,0,0,0,0,0,0,0,0,0,0,0,1,35
4,2,1,0,1,1,1,0,0,0,0,0,0,0,0,0,0,0,0,0,0,0,1,44
5,2,0,0,1,1,1,0,0,0,0,0,0,0,0,0,1,0,0,0,0,0,0,33
7,1,0,0,1,1,1,0,0,0,0,0,0,0,0,0,1,0,0,0,0,0,0,27
4,2,1,0,1,1,1,0,0,0,0,0,1,0,0,0,0,0,0,0,0,0,0,46
4,1,0,0,1,1,1,0,0,1,0,0,0,0,0,0,0,0,0,0,0,0,0,25
7,2,1,0,1,1,0,0,0,0,0,0,1,0,0,0,0,0,0,1,0,0,0,47
7,2,1,0,1,1,1,0,0,1,0,0,0,0,0,0,0,0,0,0,1,0,0,52
6,2,1,0,1,1,0,0,0,0,0,0,0,0,0,0,0,1,0,0,0,0,0,45
4,1,0,0,1,1,0,0,0,0,0,0,0,0,0,0,1,0,0,0,0,0,0,18
7,2,1,0,1,1,0,0,0,1,0,0,0,0,0,0,1,0,0,0,0,1,0,48
5,1,1,0,1,1,0,0,0,1,0,0,0,0,0,0,0,0,0,0,0,0,1,35
5,1,0,0,1,1,0,0,0,0,0,0,0,0,0,1,0,0,0,0,1,0,1,28
6,1,1,0,1,1,0,0,0,1,0,0,0,0,1,0,0,0,0,0,0,0,0,36
5,2,1,0,1,1,1,0,1,0,0,0,1,0,0,0,0,0,0,0,0,0,0,49
6,1,0,0,1,1,1,0,0,0,0,1,0,0,0,0,0,0,1,0,0,0,0,29
7,2,0,0,1,1,0,0,0,1,1,0,0,0,0,0,1,0,0,1,0,0,0,39
7,2,0,0,1,1,1,0,0,0,1,0,1,0,0,0,0,0,0,0,0,1,0,40
6,2,1,0,1,1,1,0,0,0,0,0,0,0,0,0,0,0,0,0,0,0,0,45
5,1,1,0,1,1,0,0,0,0,1,0,0,0,0,0,0,0,0,0,0,0,1,33
6,2,1,0,1,1,1,0,0,0,1,0,0,0,0,0,0,0,0,1,0,0,1,51
5,2,0,0,1,1,0,0,0,0,0,0,0,0,0,0,0,0,1,0,0,0,0,28
4,1,1,0,1,1,0,0,1,1,0,0,0,0,0,1,0,0,0,0,0,0,0,36
5,2,0,0,1,1,1,0,0,0,0,0,0,0,0,0,0,0,0,0,0,0,0,32
7,2,1,0,1,1,1,0,0,0,0,0,0,0,0,0,1,0,0,0,0,0,0,47
7,1,0,0,1,1,1,0,0,0,0,1,0,0,0,0,0,0,0,0,0,0,1,32
7,1,1,0,1,1,0,0,0,0,0,0,0,0,1,0,0,0,0,0,0,0,0,38
6,2,1,0,1,1,1,0,0,0,1,0,0,0,0,0,1,0,0,0,0,0,0,48
7,1,1,0,1,1,1,0,0,0,1,0,0,0,0,1,0,0,0,1,0,0,0,46
4,1,1,0,1,1,1,0,0,0,0,0,0,0,0,0,0,0,1,0,0,0,0,34
7,2,0,0,1,1,0,0,0,1,0,0,0,0,0,0,1,1,0,0,0,1,0,42
6,1,0,0,1,1,0,0,0,0,1,0,0,0,0,0,0,1,1,0,0,0,0,28
6,2,1,0,1,1,0,0,0,0,0,0,0,0,0,1,0,0,0,1,0,0,1,47
7,2,0,0,1,1,0,0,0,0,0,0,0,0,0,0,0,0,0,0,0,0,0,30
5,2,0,0,1,1,1,0,0,0,0,0,0,0,0,0,1,0,0,0,0,0,0,33
6,1,1,0,1,1,1,0,0,0,0,0,0,0,0,0,0,0,0,0,0,0,0,35
4,1,1,0,1,1,1,0,0,1,0,0,0,0,0,0,0,0,0,0,0,0,0,36
7,1,0,0,1,1,0,0,0,1,0,0,0,0,0,1,0,0,0,0,1,1,0,31
6,2,0,0,1,1,0,0,0,0,0,1,0,0,0,0,0,0,0,0,0,0,1,35
4,2,0,0,1,1,0,0,0,0,0,0,0,0,0,0,0,0,1,0,0,0,0,27
6,2,0,0,1,1,0,0,1,0,0,0,0,0,0,1,0,0,0,0,0,0,1,36
7,2,1,0,1,1,0,0,1,1,0,0,0,0,0,0,0,0,0,0,0,1,0,50
6,2,0,0,1,1,1,0,0,0,0,0,0,0,0,0,0,0,1,0,1,0,0,37
4,2,1,0,1,1,0,0,0,0,1,0,0,0,0,0,0,0,0,0,0,0,0,38
6,1,0,0,1,1,0,0,0,0,0,0,0,0,0,0,0,0,0,1,0,0,1,25
5,1,0,0,1,1,1,0,0,0,0,0,0,0,0,0,0,0,0,0,0,0,0,23
7,1,1,0,1,1,0,0,0,1,0,0,0,0,0,0,0,0,0,0,0,1,0,38
4,2,1,0,1,1,1,0,0,0,0,0,0,0,0,0,0,0,0,0,0,0,0,42
4,2,1,0,1,1,1,0,0,0,0,0,0,0,0,0,0,0,0,0,1,0,0,45
5,2,0,0,1,1,0,0,0,0,0,0,0,0,0,0,1,0,0,0,0,0,0,29
4,1,0,0,1,1,0,0,0,0,0,0,0,0,0,0,0,1,0,0,0,0,0,22
4,2,0,0,1,1,1,0,0,0,0,1,0,0,0,0,0,1,0,0,0,0,0,40
4,2,1,0,1,1,0,0,0,0,0,0,0,0,0,0,0,0,0,0,0,0,1,40
4,2,0,0,1,1,1,0,0,0,0,0,0,0,0,0,0,0,0,0,0,0,0,30
7,1,1,0,1,1,0,0,0,0,0,0,1,0,1,0,0,0,0,0,0,0,0,36
5,2,1,0,1,1,0,0,0,0,0,0,0,0,1,0,0,0,1,0,0,1,0,44
7,2,0,0,1,1,0,0,0,0,0,0,0,0,0,0,0,0,1,0,0,1,0,33
5,1,1,0,1,1,1,0,0,0,0,0,0,0,0,0,0,0,0,1,0,0,1,40
7,1,0,0,1,1,0,0,0,0,0,0,0,0,0,0,0,0,1,0,0,0,0,22
6,1,1,0,1,1,0,0,0,0,0,0,0,0,0,0,0,1,0,0,0,0,0,36
7,2,1,0,1,1,1,0,0,0,0,0,0,0,0,0,0,0,1,0,0,0,0,48
4,2,0,0,1,1,0,0,0,0,0,0,1,0,0,0,0,0,0,0,0,0,0,28
5,1,1,0,1,1,0,0,0,0,0,0,0,0,0,1,0,0,0,0,1,0,1,37
7,1,0,0,1,1,0,0,0,0,0,0,0,0,0,0,0,0,0,0,0,0,0,21
4,1,0,0,1,1,1,0,0,0,1,0,0,0,0,0,0,0,0,0,0,0,0,22
4,2,0,0,1,1,1,0,0,1,0,0,1,0,0,0,0,0,0,0,0,0,0,36
5,1,1,0,1,1,0,0,0,0,0,0,0,0,0,0,0,0,0,0,0,0,0,30
4,1,1,0,1,1,0,0,0,0,0,0,0,0,0,0,0,1,0,0,0,1,0,36
6,1,0,0,1,1,0,0,1,0,0,1,0,0,0,0,0,0,0,1,0,0,0,30
6,1,0,0,1,1,0,0,1,0,1,0,0,0,0,0,0,0,0,0,0,0,0,27
5,1,0,0,1,1,0,0,0,1,0,0,0,0,1,0,0,0,0,1,0,0,0,26
4,2,1,0,1,1,1,0,0,0,0,0,0,0,0,0,0,1,0,0,0,0,0,47
5,1,0,0,1,1,0,0,0,1,0,1,0,0,0,1,0,0,0,0,0,0,0,27
5,2,1,0,1,1,0,0,0,1,0,0,0,0,1,0,0,0,0,0,0,0,0,44
7,1,0,0,1,1,1,0,0,0,0,0,0,0,0,0,0,0,0,0,0,1,0,28
6,1,0,0,1,1,1,0,0,0,0,0,0,0,0,0,0,0,0,0,0,0,0,24
7,2,1,0,1,1,0,0,0,0,0,0,0,0,0,0,0,0,1,0,0,1,1,49
5,2,0,0,1,1,0,0,0,0,0,0,0,0,0,0,1,0,0,0,0,0,0,29
5,2,1,0,1,1,0,0,0,0,0,0,0,0,0,0,0,0,1,0,0,0,0,40
7,2,1,0,1,1,0,0,0,0,0,0,0,0,0,1,0,0,1,0,0,0,0,44
7,1,0,0,1,1,0,0,0,1,0,0,0,0,0,0,0,1,0,0,0,0,0,30
5,1,1,0,1,1,1,0,0,0,0,0,0,0,0,0,0,1,0,0,0,0,0,45
6,2,0,0,1,1,1,0,0,0,0,0,0,0,0,0,0,0,0,0,0,0,0,33
4,1,1,0,1,1,1,0,0,0,0,0,0,0,0,0,1,0,1,0,0,0,0,35
7,1,1,0,1,1,0,0,0,0,0,0,0,0,0,0,0,0,0,0,0,1,0,35
5,2,1,0,1,1,0,0,0,0,0,0,0,0,0,0,0,0,0,0,0,1,0,41
6,1,1,0,1,1,0,0,0,1,0,0,0,0,1,0,0,0,0,0,0,0,0,36
7,1,0,0,1,1,0,0,0,0,0,0,0,0,0,0,0,0,0,1,0,1,0,26
7,2,0,0,1,1,1,0,0,0,0,0,0,0,0,0,0,0,0,0,0,0,0,35
4,1,1,0,1,1,1,0,0,0,0,0,0,0,1,0,0,0,0,0,0,0,0,35
6,2,1,0,1,1,1,0,0,0,0,1,1,0,1,0,1,0,0,0,0,0,0,54
4,2,1,0,1,1,1,0,0,0,0,0,0,0,0,0,0,0,1,0,0,0,0,43
7,2,1,0,1,1,1,0,0,0,0,0,0,0,0,1,0,0,0,0,0,0,0,48
6,1,0,0,1,1,0,0,0,0,0,1,0,0,0,0,0,0,1,0,0,0,0,25
6,1,1,0,1,1,0,0,1,0,0,0,1,0,0,0,0,1,0,0,0,0,0,42
6,1,1,0,1,1,0,0,0,0,0,0,0,0,0,0,0,0,1,0,0,0,0,32
7,2,0,0,1,1,0,0,0,0,0,0,0,0,1,0,0,0,0,0,0,0,1,34
4,1,0,0,1,1,0,0,0,0,0,0,0,0,0,1,0,0,0,0,0,0,0,19
5,2,0,0,1,1,1,0,0,0,0,0,0,0,0,1,0,0,0,0,0,0,0,34
4,1,1,0,1,1,1,0,0,1,0,0,0,0,0,1,0,0,0,0,0,0,0,38
6,2,1,0,1,1,1,0,0,1,0,0,0,0,0,0,0,0,0,1,0,0,0,51
4,2,1,0,1,1,0,0,0,0,0,0,0,0,0,0,1,0,0,0,0,0,0,39
5,2,1,0,1,1,0,0,0,0,0,0,0,0,0,0,0,0,0,0,0,0,0,39
6,2,0,0,1,1,0,0,0,0,0,0,0,0,0,0,1,0,0,0,0,0,1,32
6,2,1,0,1,1,0,0,0,0,0,0,0,0,0,0,0,1,0,1,0,0,0,49
5,2,0,0,1,1,0,0,0,0,1,0,0,0,0,0,0,0,0,0,0,0,0,28
5,2,0,0,1,1,1,0,0,0,0,0,0,0,0,0,1,0,1,0,0,0,0,34
6,2,0,0,1,1,1,0,0,0,0,1,0,0,0,0,1,0,0,0,0,0,1,45
6,2,0,0,1,1,1,0,0,0,1,0,0,0,0,1,0,0,0,0,0,0,0,36
4,2,1,0,1,1,0,0,0,0,0,0,0,0,1,0,0,0,0,1,0,0,0,42
4,1,1,0,1,1,1,0,1,0,0,0,0,0,0,0,1,0,0,0,0,0,0,37
5,2,0,0,1,1,1,0,0,0,0,1,0,0,0,0,1,0,0,1,0,1,0,43
4,2,0,0,1,1,1,0,0,0,0,0,1,0,0,0,0,0,0,0,0,0,0,33
6,1,0,0,1,1,0,0,1,0,0,0,0,0,0,1,1,0,0,0,0,0,0,26
7,1,1,0,1,1,1,0,0,1,0,0,0,0,0,0,0,0,0,0,0,0,0,43
5,1,1,0,1,1,0,0,0,1,0,0,0,0,0,0,0,0,0,0,0,0,0,33
6,2,0,0,1,1,0,0,0,0,0,0,0,0,0,0,0,0,0,0,1,0,0,32
7,1,0,0,1,1,0,0,0,1,0,1,0,0,0,0,0,0,0,0,0,0,0,28
7,1,1,0,1,1,0,0,0,0,0,0,1,0,0,0,0,0,0,1,1,0,0,41
7,2,0,0,1,1,0,0,0,1,1,0,0,0,0,0,0,0,0,1,0,0,0,37
6,1,0,0,1,1,0,0,0,0,0,0,0,0,0,0,0,0,0,0,0,0,0,20
7,1,0,0,1,1,0,0,0,0,0,0,1,0,0,0,0,0,0,0,0,0,0,23
6,1,0,0,1,1,0,0,0,0,0,0,0,0,0,0,0,0,0,0,0,1,0,22
7,2,0,0,1,1,1,0,0,0,0,0,0,0,0,0,0,0,0,0,0,1,1,39
6,1,1,0,1,1,1,0,0,0,0,0,0,0,0,0,0,0,1,0,0,0,0,36
6,1,0,0,1,1,0,0,1,0,0,0,0,0,0,0,0,0,0,1,1,0,0,29
4,2,1,0,1,1,0,0,0,0,0,0,0,0,1,0,0,0,0,0,0,0,0,39
6,2,1,0,1,1,1,0,1,0,0,0,0,0,0,0,0,0,0,0,0,1,0,50
5,1,1,0,1,1,1,0,0,0,1,0,0,0,0,0,0,0,0,0,0,0,0,35
6,2,0,0,1,1,0,0,0,0,0,1,0,0,0,0,0,0,1,0,0,0,0,34
6,1,1,0,1,1,0,0,0,0,0,0,0,0,0,0,1,1,0,0,0,0,0,38
5,2,0,0,1,1,0,0,0,0,0,0,0,0,0,0,0,1,0,0,0,1,0,35
6,2,0,0,1,1,0,0,0,0,0,0,0,0,0,0,0,0,0,0,0,0,0,29
7,1,1,0,1,1,1,0,0,0,1,1,0,0,0,1,0,0,0,0,0,0,0,48
6,2,1,0,1,1,1,0,0,1,0,0,0,0,0,0,0,0,0,1,0,0,0,51
6,1,1,0,1,1,1,0,0,1,0,0,0,0,0,1,0,0,0,0,0,0,0,40
5,1,0,0,1,1,0,0,0,0,0,0,0,0,0,0,0,0,0,0,0,0,0,18
4,2,1,0,1,1,0,0,0,0,0,0,0,0,0,0,0,0,0,0,0,0,0,37
7,2,0,0,1,1,0,0,0,1,0,0,0,0,0,0,0,0,0,0,1,0,0,36
6,1,1,0,1,1,1,0,0,0,0,0,1,0,0,1,0,1,0,0,0,0,0,45
5,1,0,0,1,1,1,0,0,1,0,0,1,0,0,1,1,0,0,0,0,0,0,31
7,1,0,0,1,1,0,0,0,1,0,0,0,0,0,1,0,0,0,0,0,0,1,28
5,2,1,0,1,1,0,0,0,0,0,0,1,0,0,0,0,0,0,0,0,0,0,41
5,2,1,0,1,1,0,0,0,0,0,0,0,0,1,0,0,0,0,0,0,0,0,40
7,2,1,0,1,1,0,0,0,0,1,0,0,0,0,0,0,0,0,0,0,0,0,42
6,1,1,0,1,1,0,0,0,0,0,0,1,0,0,0,0,0,0,0,0,0,0,33
7,1,0,0,1,1,0,0,0,0,0,0,1,0,0,0,0,0,0,1,0,0,0,26
5,2,1,0,1,1,1,0,0,0,0,0,0,0,0,0,0,0,0,0,0,1,0,45
7,1,0,0,1,1,1,0,0,0,0,1,0,0,0,0,0,0,0,0,0,1,0,32
5,2,1,0,1,1,0,0,0,0,0,0,0,0,0,0,0,0,0,0,0,0,0,39
6,2,1,0,1,1,0,0,1,0,0,1,0,0,0,0,0,0,0,0,0,1,0,50
5,2,1,0,1,1,1,0,0,0,0,0,0,0,1,0,0,0,0,0,0,0,0,45
6,1,1,0,1,1,0,0,1,0,0,0,0,0,0,0,0,0,0,0,0,0,0,37
6,1,1,0,1,1,1,0,0,1,0,0,1,0,0,0,0,0,0,0,0,0,1,43
7,2,1,0,1,1,0,0,0,0,0,0,0,0,0,0,0,0,0,0,0,0,1,44
7,2,0,0,1,1,0,0,0,0,0,0,0,0,0,0,0,0,0,0,0,0,0,30
5,2,0,0,1,1,0,0,0,0,1,0,1,0,0,0,0,0,0,0,0,0,0,30
4,2,0,0,1,1,0,0,0,0,0,0,0,0,1,0,0,0,0,0,0,0,0,28
5,1,0,0,1,1,0,0,0,0,0,0,0,0,0,0,0,0,0,0,0,0,0,18
7,2,0,0,1,1,1,0,0,0,0,1,0,0,1,0,0,0,0,0,0,0,1,43
5,2,1,0,1,1,1,0,0,0,0,0,0,0,0,0,0,0,0,0,0,0,0,43
7,1,0,0,1,1,0,0,0,0,0,0,0,0,0,0,0,0,0,0,0,0,1,23
5,2,1,0,1,1,1,0,0,0,0,0,0,0,0,1,0,0,1,0,1,0,0,49
4,1,0,0,1,1,1,0,0,0,0,0,0,0,1,0,0,1,0,0,0,0,0,29
5,1,0,0,1,1,0,0,0,0,0,0,0,0,0,0,0,0,0,1,0,0,0,21
4,2,0,0,1,1,1,0,0,0,0,0,0,0,0,0,0,0,0,0,0,1,0,33
7,2,1,0,1,1,0,0,0,0,0,0,0,0,1,0,0,0,0,1,0,0,0,46
4,2,0,0,1,1,1,0,0,0,0,0,0,0,0,0,0,0,0,0,0,0,1,33
4,1,1,0,1,1,0,0,0,0,0,0,0,0,0,0,0,1,0,0,0,0,1,36
4,1,1,0,1,1,1,0,0,0,0,1,0,0,0,0,0,0,1,0,0,1,0,40
7,1,1,0,1,1,0,0,0,0,0,0,0,0,0,1,0,1,0,1,0,0,0,43
7,1,1,0,1,1,0,0,0,0,0,0,1,0,0,0,0,0,0,0,0,1,0,37
6,1,1,0,1,1,0,0,0,0,0,0,0,0,1,1,0,0,0,0,1,0,0,38
4,2,0,0,1,1,1,0,1,0,0,0,0,0,0,0,0,1,0,0,0,0,0,39
6,2,0,0,1,1,0,0,0,0,0,0,1,0,0,1,0,0,0,0,0,1,0,35
7,2,1,0,1,1,0,0,1,1,0,0,0,0,0,0,0,0,0,0,0,0,0,48
6,2,0,0,1,1,0,0,0,0,0,0,0,0,0,0,0,0,0,1,0,0,1,34
6,2,0,0,1,1,0,0,1,0,0,1,0,0,0,0,1,0,0,0,0,0,0,37
5,2,1,0,1,1,0,0,0,0,0,0,0,0,0,1,0,0,0,0,1,0,0,44
4,2,0,0,1,1,1,0,0,0,0,0,0,0,0,0,0,0,0,0,0,0,1,35
4,1,1,0,1,1,1,0,0,0,0,0,0,0,0,1,0,0,0,0,0,0,0,35
6,2,0,0,1,1,0,0,0,1,0,0,0,0,0,1,0,1,0,0,1,0,0,42
4,2,0,0,1,1,1,0,0,0,0,0,0,0,0,0,0,0,0,0,0,0,0,30
7,2,0,0,1,1,1,0,0,1,0,0,0,0,0,0,0,0,0,0,0,0,0,38
6,2,1,0,1,1,1,0,0,0,0,0,1,0,0,0,0,0,0,0,1,0,0,50
6,2,1,0,1,1,0,0,0,0,0,0,0,0,0,0,0,0,0,0,0,0,0,40
7,1,1,0,1,1,1,0,0,0,0,0,0,0,0,0,0,0,0,0,0,0,0,37
4,2,1,0,1,1,1,0,0,0,0,0,0,0,0,0,0,0,0,0,0,0,0,42
4,1,0,0,1,1,0,0,0,0,1,0,0,0,0,0,0,0,0,0,0,0,1,20
4,1,1,0,1,1,0,0,1,0,0,0,0,0,0,0,0,0,0,0,0,1,0,34
4,1,1,0,1,1,1,0,0,0,1,0,0,0,0,0,0,0,0,0,0,0,0,34
4,2,1,0,1,1,1,0,0,0,0,0,0,0,1,0,0,0,0,0,0,0,0,44
4,2,1,0,1,1,0,0,0,0,0,0,0,0,0,0,0,0,0,1,0,0,0,40
7,1,0,0,1,1,1,0,0,0,1,1,0,0,0,0,0,0,1,0,0,0,0,31
6,2,0,0,1,1,1,0,0,0,0,1,0,0,0,0,0,0,0,0,0,0,0,37
5,1,1,0,1,1,1,0,0,0,0,0,0,0,0,0,0,0,1,0,0,0,1,37
5,2,0,0,1,1,1,0,0,0,0,0,1,0,0,0,0,0,0,0,0,0,0,34
5,2,0,0,1,1,0,0,0,0,0,0,0,0,1,0,0,0,0,0,0,0,0,29
4,1,1,0,1,1,0,0,0,0,0,0,0,0,0,0,0,0,0,0,0,0,0,28
4,1,1,0,1,1,0,0,0,0,0,1,0,0,0,0,0,0,0,0,0,0,0,32
5,2,0,0,1,1,1,0,0,0,0,1,0,0,0,0,0,0,0,0,0,0,0,36
4,2,1,0,1,1,1,0,0,0,0,0,0,0,0,1,0,1,0,0,0,0,0,49
5,1,1,0,1,1,1,0,0,0,0,0,0,0,0,0,0,0,0,0,0,0,0,34
7,1,1,0,1,1,1,0,0,0,0,0,0,0,0,0,0,0,0,1,0,0,0,40
6,2,0,0,1,1,1,0,0,0,0,0,0,0,0,0,0,1,0,1,0,0,0,42
4,2,1,0,1,1,1,0,0,0,0,0,0,0,0,0,0,0,0,0,0,1,0,44
4,2,0,0,1,1,0,0,1,0,0,0,0,0,0,0,0,0,0,0,0,0,0,29
4,2,0,0,1,1,0,0,0,0,0,0,0,0,0,0,0,0,0,0,0,0,0,26
6,2,0,0,1,1,0,0,0,0,0,0,1,0,0,0,1,0,0,0,1,0,0,35
5,2,0,0,1,1,0,0,1,0,0,0,0,0,0,0,0,0,0,0,0,0,0,30
7,1,0,0,1,1,0,0,1,0,0,0,0,0,0,0,0,0,0,0,0,0,0,24
7,2,0,0,1,1,0,0,0,1,0,0,0,0,0,1,0,0,0,1,0,0,0,38
5,2,1,0,1,1,0,0,0,0,0,0,0,0,0,1,0,0,0,0,0,0,0,40
5,1,1,0,1,1,1,0,0,0,0,0,0,0,1,0,0,1,0,0,0,0,0,41
4,1,0,0,1,1,1,0,1,0,1,0,0,0,0,0,0,0,0,0,0,0,0,25
6,2,0,0,1,1,0,0,0,1,0,0,0,0,1,0,1,0,0,0,0,0,0,35
6,1,1,0,1,1,1,0,0,0,0,0,0,0,0,0,0,0,0,1,0,0,1,41
6,2,0,0,1,1,0,0,0,0,0,0,0,0,0,1,0,1,0,0,1,0,0,39
7,1,0,0,1,1,1,0,1,0,0,0,0,0,0,0,0,0,0,1,1,0,1,37
7,1,0,0,1,1,0,0,0,0,0,1,0,0,0,0,0,0,0,0,0,0,0,25
4,2,0,0,1,1,1,0,0,0,0,0,0,0,0,0,0,0,0,0,0,0,0,30
5,1,1,0,1,1,1,0,0,0,0,0,0,0,0,0,0,0,0,0,0,0,0,34
4,2,1,0,1,1,0,0,0,0,0,0,0,0,0,0,0,0,0,0,0,0,0,37
6,1,1,0,1,1,1,0,1,0,0,0,0,0,0,0,0,0,1,0,0,0,0,40
6,1,1,0,1,1,1,0,0,0,0,1,0,0,1,0,0,0,0,0,0,1,1,46
5,1,0,0,1,1,1,0,0,0,0,1,0,0,0,0,0,0,0,0,1,1,0,32
6,1,0,0,1,1,1,0,0,0,1,0,0,0,1,0,0,0,0,0,0,0,0,29
7,1,1,0,1,1,0,0,0,0,1,0,0,0,0,0,0,0,0,0,1,0,0,36
5,1,0,0,1,1,1,0,0,0,0,0,1,0,0,0,0,0,0,0,0,0,0,27
5,2,0,0,1,1,0,0,0,0,0,0,0,0,0,0,0,0,0,0,0,0,0,27
7,2,0,0,1,1,1,0,0,0,0,1,1,0,0,0,0,0,0,0,0,0,0,41
5,1,0,0,1,1,0,0,0,0,0,0,0,0,1,0,0,0,0,0,0,0,1,22
5,2,0,0,1,1,0,0,0,0,0,0,0,0,0,0,0,0,0,0,0,0,0,27
7,1,1,0,1,1,1,0,0,0,1,0,1,0,0,0,0,0,0,1,0,0,1,45
4,1,1,0,1,1,0,0,0,0,0,0,1,0,0,0,1,0,0,0,0,0,0,32
6,2,0,0,1,1,1,0,0,0,0,0,0,0,0,0,0,0,1,0,0,0,0,34
4,1,1,0,1,1,0,0,0,0,0,0,0,0,0,0,0,0,0,0,0,0,0,28
4,1,0,0,1,1,1,0,0,1,0,1,0,0,0,0,0,0,0,0,0,0,0,29
5,2,0,0,1,1,1,0,0,0,0,0,1,0,0,0,0,0,0,0,0,0,1,36
4,1,1,0,1,1,1,0,0,0,0,0,0,0,0,1,0,0,0,0,0,1,0,37
7,1,1,0,1,1,0,0,0,0,0,0,0,0,0,0,0,1,0,0,1,0,0,41
5,2,1,0,1,1,0,0,0,0,0,1,0,0,1,0,0,0,0,0,1,0,0,48
5,1,0,0,1,1,1,0,0,0,0,0,0,0,0,0,0,0,0,0,0,0,0,23
7,1,0,0,1,1,1,0,0,1,0,0,0,0,0,0,0,0,1,0,0,0,0,30
4,2,0,0,1,1,1,0,0,0,0,1,0,0,1,0,0,0,0,0,0,0,0,36
6,1,1,0,1,1,0,0,0,0,0,0,0,0,0,0,0,0,0,1,0,0,0,34
4,1,0,0,1,1,1,0,0,0,0,0,0,0,0,0,0,0,0,0,1,1,0,27
7,1,1,0,1,1,1,0,0,1,0,0,0,0,0,1,0,0,0,0,0,0,0,42
4,2,0,0,1,1,1,0,0,0,0,1,0,0,0,0,0,0,0,0,0,0,0,35
4,1,0,0,1,1,1,0,0,0,0,0,0,0,0,0,0,0,0,0,0,0,0,21
5,2,0,0,1,1,1,0,0,0,0,0,0,0,1,0,0,1,0,0,0,1,0,41
4,2,0,0,1,1,1,0,1,0,0,0,1,0,0,0,0,0,0,0,0,0,0,36
6,1,0,0,1,1,0,0,0,0,0,0,1,0,0,0,0,1,0,0,0,0,0,27
7,1,0,0,1,1,1,0,1,0,0,0,0,0,1,0,1,0,0,1,1,1,0,40
6,1,1,0,1,1,1,0,0,0,1,0,1,0,1,0,0,1,0,0,0,0,0,46
7,2,1,0,1,1,0,0,0,0,0,0,0,0,0,0,0,0,1,0,1,0,1,48
5,2,1,0,1,1,1,0,0,1,0,0,0,0,0,0,0,0,1,0,0,0,0,47
5,1,0,0,1,1,0,0,0,0,0,1,0,0,0,0,0,0,0,0,0,0,0,22
4,1,0,0,1,1,0,0,0,0,0,0,0,0,0,0,0,0,1,0,1,0,0,21
4,1,1,0,1,1,0,0,0,0,0,0,0,0,0,0,0,0,0,0,0,0,0,28
7,1,0,0,1,1,0,0,0,0,0,0,0,0,0,0,0,0,1,0,0,0,0,22
5,1,1,0,1,1,1,0,0,0,0,0,1,0,0,0,0,0,0,0,0,0,0,36
5,2,0,0,1,1,0,0,0,0,0,1,0,0,0,0,0,0,0,0,0,0,0,31
7,2,1,0,1,1,1,0,0,0,0,0,0,0,0,0,0,1,0,0,0,0,0,51
5,2,0,0,1,1,0,0,1,0,0,0,0,0,0,0,0,0,0,0,1,0,0,34
5,2,0,0,1,1,0,0,1,0,1,0,0,0,1,0,0,0,1,0,0,0,0,37
6,1,0,0,1,1,0,0,0,0,0,0,1,0,0,1,0,0,0,0,0,0,1,26
6,2,1,0,1,1,1,0,1,0,0,0,0,0,0,1,1,0,0,0,0,0,0,51
4,2,0,0,1,1,0,0,0,0,0,0,0,0,0,0,0,1,1,0,0,1,0,35
5,2,1,0,1,1,0,0,0,0,0,0,0,0,0,0,0,1,0,1,1,0,0,50
6,2,1,0,1,1,1,0,0,1,0,0,0,0,0,0,0,0,0,0,0,0,1,50
5,1,1,0,1,1,1,0,0,0,0,0,0,0,0,0,0,0,0,0,0,0,0,34
6,2,0,0,1,1,1,0,0,0,0,1,0,0,0,0,0,0,0,0,0,0,0,37
5,2,1,0,1,1,1,0,0,0,0,0,0,0,0,0,0,0,0,0,0,0,1,45
5,2,0,0,1,1,0,0,0,0,0,0,0,0,0,0,0,0,1,0,0,0,1,30
4,2,0,0,1,1,0,0,0,0,0,0,0,0,0,0,0,0,0,0,0,1,0,28
5,1,1,0,1,1,1,0,0,0,0,0,0,0,0,0,0,0,0,0,0,0,0,34
7,1,0,0,1,1,0,0,0,0,0,0,0,0,0,0,0,1,0,1,0,0,1,32
7,1,1,0,1,1,0,0,0,0,0,0,0,0,0,0,0,0,0,0,0,0,0,32
6,2,0,0,1,1,0,0,0,1,1,0,0,0,0,1,0,0,0,0,0,0,0,36
6,1,1,0,1,1,0,0,1,0,1,1,0,0,0,1,0,0,0,0,0,0,0,41
4,1,0,0,1,1,0,0,0,1,0,0,0,0,0,0,0,0,0,0,0,0,0,20
6,2,1,0,1,1,1,0,0,0,0,0,0,0,1,0,0,0,0,0,0,0,1,49
4,1,1,0,1,1,0,0,0,0,0,0,0,0,0,0,0,1,0,0,0,0,1,36
6,1,0,0,1,1,1,0,0,1,0,0,0,0,0,0,0,0,0,0,0,0,0,27
6,1,0,0,1,1,0,0,0,0,1,0,0,0,0,0,0,1,1,0,0,0,0,27
5,1,0,0,1,1,1,0,0,0,0,0,1,0,0,0,0,0,1,0,0,0,0,26
7,1,0,0,1,1,0,0,1,1,0,1,1,0,0,0,0,0,0,0,0,0,0,34
4,1,1,0,1,1,0,0,0,0,0,1,0,0,0,0,0,0,0,0,0,0,0,32
5,2,0,0,1,1,1,0,0,0,0,0,0,0,0,0,0,0,0,0,0,0,0,32
7,1,0,0,1,1,0,0,0,0,0,0,0,0,0,1,0,0,0,0,0,0,0,23
6,1,0,0,1,1,0,0,0,1,0,0,0,0,0,0,0,1,1,0,0,0,0,29
5,2,1,0,1,1,1,0,0,0,0,0,0,0,0,1,0,0,0,0,0,0,0,45
5,2,0,0,1,1,1,0,0,0,0,0,0,0,0,0,0,0,1,0,0,0,0,33
5,2,1,0,1,1,0,0,0,0,0,0,0,0,0,1,0,1,0,0,0,0,0,46
6,2,0,0,1,1,1,0,0,0,0,0,0,0,0,0,0,0,0,0,0,0,0,33
6,1,1,0,1,1,1,0,0,0,0,0,0,0,1,0,0,0,0,0,0,1,1,42
4,2,0,0,1,1,1,0,0,0,0,0,0,0,0,0,1,0,0,0,0,0,0,32
5,2,1,0,1,1,1,0,0,0,0,0,0,0,0,1,0,0,0,0,1,0,0,48
5,1,1,0,1,1,0,0,0,0,0,0,0,0,0,0,0,0,0,0,0,0,1,32
6,1,1,0,1,1,1,0,0,0,0,1,1,0,0,0,0,0,0,0,0,0,0,42
5,1,0,0,1,1,1,0,0,0,0,0,0,0,0,0,0,0,1,0,0,0,0,24
10,0,1,0,1,1,0,1,0,0,0,0,1,0,0,1,0,0,0,0,1,0,1,41
10,0,1,0,1,1,0,1,1,0,0,0,1,0,1,1,0,0,0,0,0,1,1,45
7,2,1,0,1,1,1,0,0,0,1,0,1,0,0,0,0,0,0,0,0,0,0,49
4,2,0,0,1,1,0,0,0,0,0,0,0,0,0,0,0,0,0,0,0,0,0,26
6,2,0,0,1,1,1,0,0,0,0,0,0,0,0,0,0,0,0,0,0,0,0,33
5,2,1,0,1,1,1,0,0,0,0,0,0,0,0,1,0,0,0,0,0,0,0,45
7,1,1,0,1,1,1,0,0,0,0,0,0,0,0,1,0,0,0,0,0,0,1,41
5,2,1,0,1,1,1,0,0,0,0,0,0,0,0,0,0,0,0,0,0,0,0,43
4,1,1,0,1,1,0,0,0,0,0,0,0,0,0,0,1,0,0,0,0,0,1,32
5,1,0,0,1,1,0,0,1,0,0,0,0,0,0,0,0,0,0,0,1,0,0,25
7,1,1,0,1,1,0,0,0,0,0,0,0,0,0,0,0,0,0,0,0,1,0,35
7,1,0,0,1,1,1,0,0,0,0,0,0,0,0,0,0,0,0,1,0,1,1,35
5,1,0,0,1,1,0,0,0,0,0,0,0,0,0,1,0,0,0,0,0,0,0,20
5,1,0,0,1,1,1,0,0,0,0,0,0,0,0,0,0,0,1,0,0,0,0,24
4,2,0,0,1,1,0,0,0,0,0,0,0,0,0,0,0,0,0,0,0,0,0,26
6,1,0,0,1,1,1,0,0,0,1,0,0,0,0,1,0,0,0,0,0,0,0,27
5,2,1,0,1,1,1,0,0,0,0,0,0,0,0,0,0,0,0,0,1,0,0,46
5,1,0,0,1,1,0,0,0,0,1,0,0,0,0,0,0,0,0,0,0,0,1,21
5,1,1,0,1,1,1,0,0,0,0,0,0,0,0,0,0,0,0,0,0,0,0,34
5,2,1,0,1,1,0,0,0,1,0,1,0,0,0,0,0,0,1,0,0,0,0,47
5,2,0,0,1,1,0,0,0,1,0,0,0,0,0,0,1,0,0,1,0,0,0,35
6,2,0,0,1,1,0,0,0,0,0,1,0,0,0,0,0,0,0,0,0,0,0,33
5,2,1,0,1,1,0,0,0,0,1,1,0,0,1,0,1,0,1,0,0,0,0,48
6,2,1,0,1,1,1,0,0,0,1,0,1,0,0,0,0,0,1,0,1,0,0,52
6,2,1,0,1,1,0,0,0,0,1,0,0,0,0,0,0,0,0,0,1,0,0,44
6,2,0,0,1,1,1,0,0,0,0,0,0,0,0,0,0,0,1,0,0,0,0,34
5,2,0,0,1,1,1,0,0,0,0,0,0,0,0,1,0,0,0,0,0,0,1,36
7,1,0,0,1,1,0,0,0,0,1,0,0,0,0,0,0,1,0,0,1,0,0,31
6,2,0,0,1,1,0,0,1,0,0,0,0,0,0,1,0,0,0,1,0,0,0,37
5,1,1,0,1,1,1,0,0,0,0,0,0,0,0,0,0,0,0,1,0,0,0,37
4,2,0,0,1,1,0,0,0,0,0,0,0,0,0,0,0,0,0,0,0,0,0,26
7,1,0,0,1,1,1,0,1,0,0,0,0,0,1,0,0,0,0,0,0,0,0,30
6,2,1,0,1,1,1,0,0,0,1,0,0,0,0,0,0,1,0,0,0,0,0,51
5,1,1,0,1,1,1,0,0,0,0,0,0,0,0,0,0,0,0,0,0,0,0,34
4,1,0,0,1,1,1,0,1,1,0,0,0,0,0,0,0,0,0,0,0,0,0,28
4,2,0,0,1,1,0,0,1,0,0,1,0,0,1,0,0,0,0,0,0,0,0,35
7,2,1,0,1,1,1,0,0,0,0,1,1,0,0,0,0,0,0,1,0,0,1,58
6,2,1,0,1,1,0,0,0,1,0,0,0,0,1,0,0,0,0,1,0,0,0,50
7,2,0,0,1,1,0,0,0,0,1,0,0,0,0,0,0,0,0,0,0,0,1,34
7,2,0,0,1,1,0,0,0,0,0,1,0,0,0,0,1,1,0,0,0,0,0,41
7,1,0,0,1,1,0,0,0,0,0,1,0,0,0,0,0,0,0,0,0,1,1,30
4,1,1,0,1,1,0,0,0,0,0,1,0,0,0,0,0,0,0,0,0,1,0,35
4,1,0,0,1,1,0,0,0,0,0,0,0,0,0,0,0,0,0,0,0,0,0,17
4,1,0,0,1,1,1,0,0,0,0,0,0,0,0,0,0,1,0,0,1,0,0,30
4,2,0,0,1,1,1,0,0,0,0,0,0,0,0,0,0,0,0,0,0,1,0,33
4,2,1,0,1,1,1,0,0,1,0,0,0,0,0,0,0,0,0,0,0,1,0,47
5,1,1,0,1,1,0,0,0,0,0,0,0,0,0,0,0,0,0,1,0,0,0,33
5,1,0,0,1,1,1,0,0,0,0,0,1,0,0,0,0,0,0,0,0,0,0,25
7,1,1,0,1,1,0,0,0,0,1,0,1,0,0,1,0,0,0,0,0,0,0,39
7,1,1,0,1,1,1,0,0,0,0,0,0,0,0,0,0,0,1,0,0,0,0,38
5,1,1,0,1,1,1,0,0,0,0,0,0,0,0,0,0,0,0,0,0,0,1,36
6,2,0,0,1,1,1,0,0,0,0,0,0,0,0,0,1,1,1,0,0,0,0,46
7,1,0,0,1,1,0,0,0,0,0,0,0,0,0,0,0,0,0,0,0,0,0,21
4,1,0,0,1,1,0,0,0,0,0,1,0,0,0,0,1,1,0,0,0,0,0,28
7,1,0,0,1,1,0,0,1,0,0,0,0,0,1,0,0,0,0,0,0,0,0,26
7,1,1,0,1,1,0,0,0,0,0,1,0,0,0,0,0,0,0,0,0,1,0,39
6,2,1,0,1,1,0,0,0,1,0,0,0,0,0,0,0,0,0,0,0,0,0,43
5,2,1,0,1,1,0,0,0,0,1,0,0,0,0,0,0,0,0,0,1,0,0,43
5,2,1,0,1,1,0,0,1,0,0,0,0,0,0,0,0,0,0,1,0,0,0,45
5,2,1,0,1,1,1,0,0,0,0,0,0,0,0,0,0,1,0,0,0,0,0,49
6,1,0,0,1,1,1,0,0,0,0,0,0,0,0,0,0,0,0,0,1,0,0,27
5,1,0,0,1,1,1,0,0,0,0,0,0,0,0,1,0,0,0,0,0,0,0,25
5,1,0,0,1,1,1,0,0,0,0,0,0,0,0,1,0,0,0,0,0,0,0,25
5,1,1,0,1,1,0,0,0,0,0,0,0,0,0,0,0,0,1,0,0,0,0,31
4,2,0,0,1,1,1,0,0,0,0,0,0,0,0,0,0,0,0,0,0,0,0,30
7,1,0,0,1,1,1,0,0,0,0,0,0,0,0,0,0,0,0,0,0,0,1,28
4,2,0,0,1,1,1,0,0,0,0,0,0,0,0,0,0,0,0,0,0,0,0,30
6,2,1,0,1,1,1,0,1,0,0,0,1,0,0,0,0,0,0,0,0,0,0,50
5,2,0,0,1,1,1,0,1,0,1,0,0,0,0,0,0,0,0,0,0,0,0,36
7,2,1,0,1,1,1,0,0,0,1,0,0,0,0,0,0,0,0,0,0,0,0,47
4,2,1,0,1,1,0,0,0,0,0,0,0,0,1,0,0,0,0,0,0,0,1,41
6,2,1,0,1,1,1,0,0,0,0,0,0,0,0,0,0,0,0,0,0,0,0,45
5,2,0,0,1,1,1,0,0,0,0,0,0,0,1,0,1,0,0,0,0,0,0,35
5,2,1,0,1,1,0,0,0,0,0,0,1,0,0,0,0,0,0,0,0,1,1,45
5,2,1,0,1,1,0,0,0,1,1,0,1,0,0,0,0,0,0,0,0,0,0,45
7,1,0,0,1,1,0,0,0,0,0,0,1,0,1,1,0,0,0,0,0,0,0,27
7,2,1,0,1,1,0,0,0,0,0,1,0,0,0,0,1,1,0,0,0,0,0,52
6,1,1,0,1,1,1,0,0,0,0,0,0,0,0,0,1,0,0,0,0,0,0,37
6,2,1,0,1,1,1,0,0,0,0,0,0,0,0,0,1,0,1,0,0,0,1,50
4,2,0,0,1,1,0,0,0,0,0,0,0,0,0,0,0,0,0,0,0,0,0,26
6,2,0,0,1,1,1,0,0,0,0,1,1,0,0,0,0,0,0,0,0,0,0,40
6,2,1,0,1,1,1,0,0,0,0,0,0,0,0,0,1,0,0,0,0,0,0,46
6,2,0,0,1,1,0,0,0,1,0,0,0,0,0,0,1,1,0,0,0,0,0,39
5,2,0,0,1,1,0,0,0,0,0,1,0,0,0,0,0,0,0,0,0,0,0,31
5,1,1,0,1,1,0,0,0,0,0,0,1,0,0,1,0,0,0,0,0,0,0,34
6,1,0,0,1,1,1,0,0,0,0,0,0,0,0,0,0,0,1,0,0,0,0,25
4,2,0,0,1,1,0,0,0,0,0,0,0,0,0,0,0,0,0,0,0,0,0,26
6,2,1,0,1,1,0,0,1,0,0,0,0,0,0,0,0,0,0,0,0,0,0,43
4,1,1,0,1,1,0,0,0,0,0,0,0,0,0,0,0,0,0,0,0,0,0,28
6,2,0,0,1,1,1,0,0,1,0,0,0,0,0,0,0,0,0,0,1,0,0,40
5,1,0,0,1,1,0,0,0,0,0,0,0,0,0,0,0,0,0,0,1,1,0,24
4,1,0,0,1,1,1,0,0,0,0,1,0,0,0,0,0,0,0,0,0,0,0,25
4,2,0,0,1,1,1,0,0,0,0,0,0,0,0,0,0,0,0,0,0,0,0,30
4,1,1,0,1,1,1,0,0,0,0,0,0,0,0,0,0,0,0,0,0,0,0,33
4,1,1,0,1,1,1,0,0,0,0,0,0,0,1,0,0,0,0,0,0,0,0,35
7,1,0,0,1,1,0,0,0,0,0,0,0,0,0,1,0,0,1,0,0,0,1,26
6,1,0,0,1,1,1,0,0,0,1,0,0,0,1,0,0,0,0,0,1,0,0,32
5,2,1,0,1,1,0,0,0,0,0,1,0,0,1,1,0,0,0,0,0,0,0,46
7,2,0,0,1,1,0,0,1,0,1,0,0,0,0,0,0,0,0,0,0,0,0,34
4,2,1,0,1,1,1,0,0,0,0,0,0,0,0,0,0,0,0,0,0,0,0,42
5,1,0,0,1,1,0,0,0,0,0,0,0,0,0,0,0,0,0,0,0,0,0,18
6,2,1,0,1,1,0,0,0,0,0,1,0,0,0,1,0,0,0,0,0,0,0,50
4,2,0,0,1,1,1,0,0,1,0,0,0,0,0,0,0,1,0,0,0,0,0,39
6,1,1,0,1,1,0,0,0,0,0,0,0,0,0,1,0,0,0,0,0,0,0,33
6,2,0,0,1,1,0,0,0,0,0,1,0,0,0,0,0,0,0,1,0,0,1,44
4,2,1,0,1,1,0,0,0,0,0,0,0,0,0,0,0,1,0,0,0,0,1,45
6,1,0,0,1,1,0,0,0,0,0,0,0,0,0,0,1,0,1,0,0,0,0,22
4,1,0,0,1,1,1,0,0,0,0,0,0,0,1,1,0,0,0,1,0,0,0,28
6,2,1,0,1,1,0,0,0,0,0,0,0,0,0,0,0,0,0,0,0,0,0,40
6,2,1,0,1,1,1,0,1,0,1,0,0,0,0,0,0,0,0,0,0,0,0,49
6,1,0,0,1,1,1,0,0,0,1,1,0,0,0,0,1,0,0,0,0,0,0,30
6,1,0,0,1,1,1,0,0,0,0,0,0,0,0,0,0,0,0,0,0,1,0,26
4,1,1,0,1,1,1,0,0,0,0,1,0,0,0,0,0,0,1,1,0,0,0,41
5,1,0,0,1,1,1,0,0,0,0,0,0,0,0,0,0,0,0,1,0,1,0,28
6,1,1,0,1,1,0,0,0,0,1,0,0,0,0,0,0,0,0,0,0,0,0,32
7,2,0,0,1,1,1,0,0,0,0,0,0,0,0,1,1,0,0,0,0,0,0,38
4,2,1,0,1,1,0,0,0,0,0,0,1,0,0,0,0,0,0,0,0,0,0,40
7,2,1,0,1,1,0,0,0,0,0,0,0,0,0,0,0,1,1,0,0,0,0,48
5,1,0,0,1,1,1,0,0,0,0,0,0,0,0,1,0,0,0,0,0,0,0,25
4,2,1,0,1,1,1,0,0,0,0,0,0,0,0,0,0,0,0,0,0,0,0,42
4,1,0,0,1,1,1,0,1,0,0,0,1,0,0,0,0,0,0,0,0,0,0,27
6,1,1,0,1,1,0,0,0,0,0,0,0,0,0,0,0,1,0,0,0,0,0,36
4,2,1,0,1,1,0,0,0,1,0,0,0,0,0,0,0,1,0,0,0,0,0,46
5,2,0,0,1,1,1,0,0,0,0,0,0,0,0,0,0,0,0,1,0,0,1,37
6,1,0,0,1,1,0,0,0,0,0,0,0,0,0,0,0,0,0,0,0,1,0,22
7,2,1,0,1,1,1,0,0,0,0,0,0,0,0,0,1,1,1,0,0,0,0,54
7,1,0,0,1,1,0,0,1,0,0,0,0,0,0,0,0,0,0,0,0,0,0,27
4,2,1,0,1,1,1,0,0,0,0,0,0,0,0,0,0,0,0,0,0,0,0,42
6,1,1,0,1,1,0,0,0,0,0,0,1,0,0,0,0,0,1,0,0,0,0,34
6,2,0,0,1,1,0,0,0,0,0,0,0,0,0,0,0,0,0,0,1,0,0,32
6,1,0,0,1,1,0,0,0,0,0,0,0,0,0,0,0,0,0,0,0,0,0,20
5,1,0,0,1,1,0,0,0,0,0,0,0,0,0,0,0,0,1,1,0,0,0,22
4,1,0,0,1,1,0,0,1,0,0,0,0,0,0,0,1,0,0,0,0,0,0,21
5,2,0,0,1,1,0,0,0,0,1,1,0,0,0,0,0,0,0,0,0,0,0,32
5,2,0,0,1,1,1,0,0,0,0,0,0,0,0,0,0,1,0,0,0,0,0,37
4,2,0,0,1,1,0,0,0,0,0,0,0,0,0,0,0,0,0,0,0,0,0,26
4,2,1,0,1,1,1,0,1,0,0,0,0,0,0,0,0,0,0,0,0,1,0,47
5,2,1,0,1,1,0,0,0,0,0,0,0,0,0,1,1,0,0,0,0,0,0,42
5,1,1,0,1,1,1,0,0,1,1,0,0,0,0,0,0,0,0,0,0,0,0,38
7,2,1,0,1,1,0,0,0,0,0,0,1,0,0,0,0,0,0,0,0,1,0,46
4,1,1,0,1,1,1,0,0,0,0,0,1,0,0,0,0,0,0,0,0,0,0,35
6,1,1,0,1,1,0,0,0,0,0,0,0,0,0,0,0,0,0,0,0,0,1,33
7,1,1,0,1,1,1,0,0,0,1,0,0,0,0,0,0,0,0,0,0,1,0,40
7,2,0,0,1,1,1,0,0,0,0,0,0,0,0,0,0,0,0,0,0,0,0,35
7,2,1,0,1,1,1,0,0,0,0,0,1,0,0,0,0,0,0,0,0,0,0,48
6,2,0,0,1,1,1,0,0,0,0,0,0,0,0,0,0,0,1,0,0,0,0,34
4,1,1,0,1,1,0,0,0,0,0,0,0,0,0,0,1,0,0,0,0,1,0,32
7,2,1,0,1,1,1,0,0,0,0,0,0,0,0,0,0,0,0,0,0,1,0,48
7,1,1,0,1,1,0,0,0,0,0,0,0,0,0,0,0,0,0,0,0,1,0,35
5,1,1,0,1,1,0,0,0,0,0,0,0,0,1,0,0,0,1,0,1,0,0,35
6,2,0,0,1,1,1,0,0,0,0,0,0,0,0,0,0,0,1,0,0,0,0,34
4,2,1,0,1,1,0,0,0,0,0,0,1,0,0,0,0,1,0,0,0,0,0,45
6,2,1,0,1,1,0,0,0,0,0,0,0,0,1,0,0,0,0,0,0,0,0,42
5,1,1,0,1,1,0,0,0,1,0,0,0,0,0,0,0,0,0,1,0,0,0,36
7,2,1,0,1,1,0,0,1,0,0,0,0,0,0,1,0,0,0,0,1,0,0,50
4,1,1,0,1,1,0,0,0,0,0,0,0,0,0,0,0,0,0,0,0,0,0,28
5,1,0,0,1,1,0,0,0,0,0,1,0,0,0,1,0,0,0,0,0,0,0,24
4,1,1,0,1,1,0,0,0,0,0,1,0,0,0,0,0,0,0,0,0,0,0,32
6,2,1,0,1,1,1,0,0,0,0,0,0,0,0,0,0,0,0,0,1,0,0,48
7,1,1,0,1,1,0,0,0,1,0,0,0,0,0,0,1,0,1,0,0,0,0,38
5,1,1,0,1,1,0,0,0,0,0,0,0,0,0,0,0,0,0,1,1,0,0,36
4,1,0,0,1,1,1,0,0,0,0,0,0,0,0,0,0,0,1,0,0,0,0,22
5,2,1,0,1,1,1,0,0,0,1,0,0,0,0,0,0,0,0,0,0,0,0,44
4,1,1,0,1,1,0,0,0,0,0,0,0,0,1,0,0,0,0,0,0,0,0,30
5,2,0,0,1,1,0,0,0,0,0,0,0,0,0,1,0,0,0,0,0,0,0,31
7,1,0,0,1,1,1,0,0,0,0,1,0,0,1,0,0,0,0,0,0,0,0,31
4,1,0,0,1,1,0,0,0,0,0,0,0,0,0,0,1,0,0,0,0,0,0,18
6,2,1,0,1,1,1,0,0,0,0,0,0,0,0,0,0,0,0,0,0,0,0,45
7,2,1,0,1,1,1,0,0,0,0,0,0,0,0,0,0,0,0,0,0,0,1,48
7,1,1,0,1,1,0,0,0,0,0,1,0,0,0,1,0,0,1,0,0,0,0,39
6,2,1,0,1,1,1,0,0,0,0,0,0,0,0,0,0,0,0,0,0,0,0,45
6,1,1,0,1,1,0,0,0,0,0,0,0,0,0,0,0,0,0,0,1,0,1,36
5,2,0,0,1,1,1,0,0,1,0,0,0,0,0,0,0,0,0,0,0,1,0,37
6,2,0,0,1,1,0,0,1,0,1,0,0,0,0,0,0,1,0,0,0,0,0,38
7,2,1,0,1,1,1,0,0,0,1,0,0,0,1,0,0,0,1,0,0,0,0,50
6,2,0,0,1,1,0,0,0,0,0,0,0,0,0,0,0,0,0,1,0,0,1,37
7,1,0,0,1,1,0,0,0,0,0,0,0,0,0,1,0,0,0,0,0,0,0,23
7,1,1,0,1,1,0,0,0,1,0,0,0,0,0,1,0,0,0,0,0,0,0,37
5,2,1,0,1,1,1,0,0,0,0,0,0,0,0,0,0,0,0,1,0,0,0,46
4,2,1,0,1,1,1,0,0,0,0,0,0,0,0,0,0,1,0,0,0,0,0,47
4,1,1,0,1,1,1,0,0,1,0,0,0,0,0,0,0,0,0,0,0,0,0,36
6,2,1,0,1,1,0,0,1,0,0,0,0,0,0,0,0,0,0,1,0,1,0,49
4,2,1,0,1,1,0,0,0,0,0,0,0,0,0,0,0,0,0,0,0,0,0,37
5,1,1,0,1,1,1,0,0,0,0,1,0,0,0,1,0,0,0,0,0,0,0,40
6,1,1,0,1,1,1,0,0,1,0,0,0,0,0,0,0,0,0,0,0,0,0,39
5,2,0,0,1,1,1,0,1,0,0,0,0,0,0,0,0,0,0,0,0,0,1,37
6,1,1,0,1,1,1,0,0,0,0,0,0,0,0,0,0,0,0,1,0,0,0,39
5,2,1,0,1,1,1,0,1,0,0,0,0,0,0,0,0,0,0,0,0,0,0,46
6,2,0,0,1,1,1,0,0,0,0,0,0,0,0,1,0,0,0,0,0,1,0,37
6,2,0,0,1,1,1,0,0,0,0,0,0,0,0,0,0,0,0,0,0,0,0,33
5,1,1,0,1,1,0,0,0,0,0,0,0,0,0,0,0,0,0,0,0,0,0,30
6,2,0,0,1,1,1,0,0,0,0,0,0,0,0,0,0,1,0,0,0,0,0,39
4,2,0,0,1,1,0,0,0,0,0,0,0,0,0,0,1,1,0,0,0,0,0,33
7,2,0,0,1,1,1,0,1,0,1,1,0,0,0,1,1,0,0,0,0,0,0,46
4,1,0,0,1,1,1,0,0,0,0,1,1,0,0,0,0,0,0,0,0,0,0,28
6,1,1,0,1,1,1,0,0,0,1,0,0,0,0,0,0,1,0,0,0,0,0,42
6,1,1,0,1,1,0,0,0,0,0,0,0,0,0,1,0,0,0,0,0,0,0,33
5,1,1,0,1,1,0,0,0,0,0,0,0,0,0,1,0,0,1,0,0,0,0,32
5,1,1,0,1,1,0,0,0,0,1,0,0,0,0,0,0,0,0,0,0,0,0,30
5,2,1,0,1,1,0,0,0,0,1,0,0,0,0,0,0,0,0,0,0,0,0,40
6,2,0,0,1,1,1,0,1,0,0,0,0,0,0,0,0,0,0,1,0,0,0,40
7,2,1,0,1,1,1,0,0,0,0,0,0,0,0,1,0,0,0,0,0,0,0,48
4,1,1,0,1,1,1,0,0,1,0,0,0,0,0,0,0,0,0,0,0,0,0,36
7,2,1,0,1,1,0,0,0,0,1,0,1,0,0,0,0,0,0,0,0,0,0,45
7,2,1,0,1,1,0,0,0,1,0,0,0,0,0,0,0,0,0,0,0,0,0,45
6,2,0,0,1,1,0,0,1,0,0,0,0,0,0,1,0,0,0,0,0,0,0,34
4,1,1,0,1,1,1,0,0,0,0,0,0,0,0,0,0,0,1,0,0,1,0,36
6,1,0,0,1,1,0,0,0,0,0,0,0,0,0,0,0,0,1,0,0,0,1,23
6,1,0,0,1,1,0,0,0,0,0,1,0,0,1,0,0,0,0,0,0,0,0,25
5,1,0,0,1,1,0,0,0,0,0,0,0,0,0,0,1,1,0,1,0,0,0,28
4,1,1,0,1,1,1,0,1,0,0,0,0,0,0,1,0,0,0,0,0,0,0,38
6,2,0,0,1,1,0,0,1,0,0,0,0,0,0,0,1,0,0,0,0,0,0,33
4,2,1,0,1,1,0,0,0,0,0,0,0,0,0,0,0,0,0,0,1,0,0,40
10,0,1,0,1,1,0,1,0,1,0,0,0,0,0,0,0,0,0,0,1,0,0,38
10,0,1,0,1,1,0,1,0,1,0,0,0,0,0,1,0,0,0,0,0,0,1,39
10,0,1,0,1,1,0,1,1,1,0,0,0,0,1,1,0,0,0,0,1,0,1,47
10,0,1,0,1,1,0,1,0,1,0,0,0,0,0,0,0,0,0,0,1,0,0,38
10,0,1,0,1,1,0,1,1,1,0,0,0,0,1,1,0,0,0,0,0,0,0,42
10,0,1,0,1,1,0,1,1,1,0,0,0,0,0,0,0,0,0,0,1,1,0,44
10,0,1,0,1,1,0,1,0,0,0,0,1,0,0,0,0,0,0,0,0,1,1,39
10,0,1,0,1,1,0,1,1,1,0,0,0,0,1,0,0,0,0,0,1,0,1,45
10,0,1,0,1,1,0,1,0,1,0,0,1,0,0,0,0,0,0,0,0,1,1,42
10,0,1,0,1,1,0,1,0,1,0,0,1,0,1,1,0,0,0,0,1,1,0,46
10,0,1,0,1,1,0,1,0,1,0,0,0,0,1,1,0,0,0,0,0,0,0,39
10,0,1,0,1,1,0,1,0,0,0,0,1,0,1,1,0,0,0,0,1,0,0,41
10,0,1,0,1,1,0,1,1,1,0,0,0,0,1,0,0,0,0,0,1,1,0,45
10,0,1,0,1,1,0,1,1,0,0,0,1,0,0,0,0,0,0,0,0,1,1,42
10,0,1,0,1,1,0,1,0,1,0,0,0,0,0,1,0,0,0,0,0,1,0,39
10,0,1,0,1,1,0,1,1,0,0,0,1,0,1,0,0,0,0,0,1,0,1,45
10,0,1,0,1,1,0,1,0,0,0,0,1,0,0,0,0,0,0,0,1,0,0,37
10,0,1,0,1,1,0,1,1,1,0,0,1,0,0,0,0,0,0,0,0,1,1,45
10,0,1,0,1,1,0,1,1,1,0,0,0,0,1,1,0,0,0,0,1,1,0,47
10,0,1,0,1,1,0,1,0,0,0,0,1,0,0,1,0,0,0,0,1,0,1,41
10,0,1,0,1,1,0,1,0,1,0,0,1,0,0,0,0,0,0,0,1,1,0,43
10,0,1,0,1,1,0,1,0,0,0,0,0,0,0,0,0,0,0,0,0,1,1,36
10,0,1,0,1,1,0,1,1,1,0,0,1,0,0,1,0,0,0,0,1,0,0,45
10,0,1,0,1,1,0,1,0,1,0,0,0,0,1,1,0,0,0,0,0,1,1,43
10,0,1,0,1,1,0,1,1,0,0,0,1,0,0,1,0,0,0,0,0,0,0,39
10,0,1,0,1,1,0,1,0,1,0,0,0,0,0,0,0,0,0,0,1,1,1,43
10,0,1,0,1,1,0,1,0,0,0,0,1,0,1,0,0,0,0,0,1,0,0,39
10,0,1,0,1,1,0,1,0,1,0,0,0,0,1,1,0,0,0,0,1,1,1,46
10,0,1,0,1,1,0,1,1,1,0,0,1,0,1,0,0,0,0,0,0,0,1,45
10,0,1,0,1,1,0,1,1,1,0,0,1,0,0,0,0,0,0,0,1,1,1,48
10,0,1,0,1,1,0,1,0,1,0,0,0,0,1,1,0,0,0,0,0,1,1,43
10,0,1,0,1,1,0,1,1,0,0,0,0,0,0,1,0,0,0,0,0,0,1,39
10,0,1,0,1,1,0,1,0,0,0,0,1,0,1,0,0,0,0,0,1,1,1,44
10,0,1,0,1,1,0,1,0,1,0,0,1,0,1,0,0,0,0,0,1,1,1,47
10,0,1,0,1,1,0,1,0,1,0,0,0,0,0,0,0,0,0,0,1,1,0,40
10,0,1,0,1,1,0,1,0,1,0,0,0,0,1,0,0,0,0,0,1,0,0,40
10,0,1,0,1,1,0,1,0,1,0,0,0,0,1,1,0,0,0,0,0,1,1,43
10,0,1,0,1,1,0,1,0,0,0,0,1,0,0,1,0,0,0,0,0,1,1,40
10,0,1,0,1,1,0,1,1,1,0,0,1,0,1,0,0,0,0,0,1,0,0,45
6,1,1,0,1,1,1,0,1,0,0,0,0,0,1,0,1,0,0,0,0,0,0,42
6,1,1,0,1,1,0,0,1,0,0,0,0,0,0,0,0,0,1,1,0,0,0,38
7,1,0,0,1,1,0,0,0,1,1,0,0,0,0,1,1,0,0,0,1,0,0,31
5,2,0,0,1,1,1,0,0,1,0,0,0,0,0,0,0,0,0,0,0,0,0,35
7,1,1,0,1,1,1,0,0,0,0,0,0,0,0,0,0,0,0,0,0,0,1,39
6,1,0,0,1,1,1,0,0,0,0,0,0,0,0,0,0,0,1,0,0,0,0,25
4,2,0,0,1,1,0,0,0,0,0,0,0,0,0,0,1,0,0,0,0,0,0,27
7,2,0,0,1,1,1,0,0,0,0,0,0,0,1,0,0,1,1,0,0,0,0,48
7,2,0,0,1,1,1,0,0,0,0,0,0,0,0,0,0,0,1,0,0,0,0,35
6,2,1,0,1,1,0,0,0,0,1,0,1,0,0,0,0,0,0,0,0,0,0,45
5,1,0,0,1,1,1,0,1,0,0,0,0,0,0,1,0,0,0,0,0,0,0,28
4,2,0,0,1,1,1,0,0,0,0,0,0,0,1,0,0,0,0,0,0,0,1,37
7,2,0,0,1,1,1,0,0,0,0,0,0,0,0,0,0,0,0,0,0,0,1,37
5,2,0,0,1,1,1,0,0,0,0,0,0,0,0,0,0,0,0,0,0,0,1,34
6,1,0,0,1,1,1,0,0,0,0,0,0,0,0,0,0,0,0,1,0,0,1,30
4,1,1,0,1,1,1,0,0,0,0,0,0,0,0,1,0,0,1,0,0,0,0,35
4,1,1,0,1,1,0,0,0,0,0,0,0,0,0,1,0,0,0,0,0,0,0,30
5,2,0,0,1,1,0,0,1,0,0,0,0,0,0,0,0,0,1,1,0,0,0,35
4,1,1,0,1,1,0,0,0,0,0,0,0,0,0,0,0,0,1,0,0,0,0,29
6,2,0,0,1,1,1,0,0,0,0,0,1,0,0,0,0,0,1,0,0,0,0,36
5,1,0,0,1,1,0,0,0,0,0,0,0,0,0,0,0,0,0,1,0,0,0,21
4,1,0,0,1,1,1,0,1,0,0,0,0,0,0,0,0,0,0,0,0,0,0,25
6,1,0,0,1,1,0,0,0,0,0,1,0,0,0,0,0,0,0,0,0,0,1,26
7,1,0,0,1,1,0,0,0,0,0,0,0,0,0,0,0,0,1,0,1,0,0,26
4,2,0,0,1,1,0,0,0,0,0,0,0,0,1,0,0,0,0,0,0,0,0,28
6,2,1,0,1,1,1,0,1,1,0,0,0,0,0,0,0,0,1,0,0,0,0,52
7,1,0,0,1,1,1,0,0,1,0,0,0,0,0,0,0,0,0,1,1,0,1,37
4,1,0,0,1,1,0,0,0,0,0,0,0,0,0,0,0,0,0,0,0,0,0,17
5,1,1,0,1,1,0,0,0,0,0,0,1,0,0,0,0,0,0,0,0,0,0,32
6,2,0,0,1,1,0,0,0,0,0,1,0,0,0,1,0,0,1,0,0,0,0,36
6,2,1,0,1,1,1,0,0,0,0,0,0,0,0,0,0,0,0,0,0,0,1,47
4,1,0,0,1,1,0,0,0,1,0,0,0,0,0,0,0,0,0,0,0,0,0,20
4,2,1,0,1,1,1,0,1,0,0,0,0,0,0,0,0,1,0,0,0,0,0,50
7,1,0,0,1,1,0,0,0,0,0,0,0,0,0,0,0,0,0,1,0,0,0,24
6,1,1,0,1,1,1,0,0,0,0,0,0,0,0,0,0,0,0,0,0,0,0,35
7,1,1,0,1,1,1,0,0,0,0,0,0,0,0,1,0,0,0,0,0,0,0,39
6,2,1,0,1,1,0,0,0,0,0,0,1,0,0,0,0,0,0,0,0,0,0,42
6,1,1,0,1,1,0,0,0,0,0,0,0,0,0,0,0,0,0,0,0,0,0,31
7,1,1,0,1,1,0,0,0,0,0,0,0,0,0,1,1,0,0,0,0,0,0,37
5,1,1,0,1,1,1,0,0,0,0,0,0,0,0,0,0,0,0,0,0,0,0,34
7,2,1,0,1,1,0,0,0,0,1,0,0,0,0,0,0,0,0,0,1,0,0,45
7,1,0,0,1,1,0,0,0,0,0,0,0,0,0,0,0,0,0,0,0,1,1,28
7,2,0,0,1,1,1,0,0,0,0,1,0,0,1,0,1,0,0,0,1,0,1,47
4,1,0,0,1,1,1,0,0,0,0,0,1,0,0,1,1,0,0,0,0,0,0,27
4,1,1,0,1,1,1,0,0,0,1,0,0,0,0,0,0,0,0,1,0,0,0,37
4,1,1,0,1,1,0,0,0,0,0,0,0,0,0,0,0,0,0,0,0,0,0,28
6,2,0,0,1,1,1,0,0,0,0,0,0,0,0,0,0,0,0,0,1,0,0,36
7,1,0,0,1,1,0,0,0,0,0,0,0,0,0,0,0,0,1,1,0,0,0,26
5,2,1,0,1,1,0,0,0,0,0,0,0,0,0,0,0,0,0,0,0,0,0,39
4,2,0,0,1,1,1,0,0,0,0,0,0,0,0,0,0,0,0,1,0,0,0,34
5,1,1,0,1,1,0,0,0,0,0,1,0,0,0,0,0,0,0,0,0,0,0,34
6,2,1,0,1,1,1,0,0,0,0,0,0,0,0,0,0,0,0,0,0,0,0,45
5,1,1,0,1,1,0,0,0,0,0,0,0,0,0,0,0,0,0,0,1,0,0,33
5,2,1,0,1,1,0,0,0,0,1,0,0,0,0,0,0,1,0,1,0,0,0,48
6,2,1,0,1,1,1,0,1,1,0,0,0,0,0,0,0,0,0,0,0,0,0,54
4,2,0,0,1,1,1,0,0,0,0,0,0,0,0,1,0,0,0,1,0,0,0,35
4,1,1,0,1,1,0,0,0,0,0,0,0,0,0,0,0,1,0,0,0,0,1,36
7,1,1,0,1,1,0,0,1,0,0,0,0,0,0,0,1,0,0,0,0,0,0,37
5,2,1,0,1,1,0,0,0,0,0,0,0,0,0,0,0,0,0,0,0,0,0,39
4,2,1,0,1,1,1,0,0,0,0,0,0,0,0,0,0,0,0,0,0,0,0,42
6,2,0,0,1,1,1,0,0,0,0,0,0,0,0,0,0,0,0,1,1,0,0,40
6,1,0,0,1,1,0,0,0,0,0,0,0,0,0,0,0,0,0,0,0,0,0,20
4,1,1,0,1,1,1,0,0,0,0,0,0,0,1,0,0,0,0,0,0,0,0,35
7,2,1,0,1,1,0,0,0,0,0,0,0,0,0,0,0,0,0,0,0,0,0,41
6,2,1,0,1,1,1,0,0,0,0,0,0,0,0,0,0,0,1,0,0,1,0,48
6,1,0,0,1,1,1,0,0,0,0,0,0,0,0,0,0,0,0,1,0,1,1,32
6,1,1,0,1,1,0,0,0,0,0,0,0,0,0,0,0,0,0,1,0,0,0,34
6,1,0,0,1,1,1,0,0,0,0,0,0,0,0,1,0,0,0,0,0,0,0,26
7,1,0,0,1,1,0,0,0,0,0,1,0,0,0,1,0,0,0,0,0,0,0,27
6,1,0,0,1,1,1,0,0,1,1,0,0,0,0,0,0,0,1,0,0,0,0,29
4,1,0,0,1,1,0,0,0,0,0,0,0,0,0,0,0,0,0,0,1,0,0,20
4,1,0,0,1,1,1,0,0,0,0,0,1,0,1,0,0,0,0,0,0,0,0,25
4,2,1,0,1,1,1,0,0,0,0,0,0,0,1,0,0,0,0,0,0,0,0,44
4,1,1,0,1,1,1,0,0,0,0,0,0,0,0,0,0,0,0,0,0,0,0,33
4,2,1,0,1,1,1,0,0,0,0,0,0,0,0,0,0,1,0,0,0,0,0,47
7,2,0,0,1,1,1,0,0,0,0,0,0,0,0,0,0,0,1,0,0,0,0,35
5,2,0,0,1,1,0,0,0,0,1,0,0,0,0,0,0,1,0,0,0,0,0,34
6,2,1,0,1,1,1,0,0,0,0,0,0,0,0,0,0,0,1,0,0,0,0,45
7,1,1,0,1,1,0,0,1,0,0,0,0,0,0,0,1,0,0,0,0,0,0,37
7,2,1,0,1,1,1,0,0,0,0,1,0,0,0,1,0,0,0,0,0,1,0,54
6,1,0,0,1,1,0,0,0,0,0,0,0,0,0,0,1,0,0,0,0,0,0,21
4,2,1,0,1,1,0,0,0,0,0,0,0,0,0,0,0,0,0,1,0,1,0,43
7,1,1,0,1,1,1,0,1,0,0,0,0,0,0,0,0,0,0,0,0,0,0,40
5,1,1,0,1,1,0,0,0,0,0,1,1,0,0,0,1,0,0,0,0,0,0,37
7,2,0,0,1,1,1,0,0,0,0,1,0,0,0,0,0,1,0,0,0,0,0,44
7,2,0,0,1,1,0,0,0,0,0,0,0,0,0,1,0,1,0,1,0,1,0,43
7,2,0,0,1,1,0,0,0,0,0,1,0,0,0,0,0,0,0,0,0,1,0,36
7,1,0,0,1,1,0,0,0,0,0,0,0,0,0,0,0,0,0,0,0,1,0,23
6,1,1,0,1,1,1,0,0,0,1,0,1,0,0,1,0,0,0,0,0,0,0,40
6,1,0,0,1,1,1,0,0,0,1,0,1,0,0,0,0,0,0,0,0,0,0,27
6,1,1,0,1,1,0,0,0,0,0,0,1,0,0,0,0,0,1,1,0,0,0,37
6,2,1,0,1,1,0,0,0,1,0,0,0,0,0,0,0,0,0,0,0,0,1,45
7,2,1,0,1,1,0,0,0,0,1,0,0,0,0,0,0,0,0,1,0,0,0,45
4,2,0,0,1,1,1,0,0,0,0,0,0,0,0,0,0,0,0,0,0,0,0,30
5,1,0,0,1,1,0,0,0,0,0,0,0,0,0,0,0,0,0,0,0,1,0,20
6,2,1,0,1,1,0,0,0,1,0,0,0,0,0,0,1,0,0,0,0,0,0,45
6,1,0,0,1,1,1,0,0,0,0,1,0,0,1,0,0,0,0,0,0,0,0,30
5,1,1,0,1,1,1,0,0,0,0,0,0,0,0,1,0,0,0,0,0,0,0,36
6,1,0,0,1,1,1,0,0,0,0,0,0,0,0,1,0,0,0,0,0,0,0,26
4,1,0,0,1,1,1,0,0,0,0,0,0,0,0,0,0,0,0,0,0,0,0,21
7,2,0,0,1,1,1,0,1,0,0,0,0,0,0,0,0,0,0,0,0,1,0,42
4,1,0,0,1,1,0,0,0,0,0,0,0,0,0,0,0,0,0,0,0,0,0,17
4,2,1,0,1,1,0,0,0,0,0,0,0,0,1,0,0,0,0,0,0,1,0,41
6,2,1,0,1,1,1,0,1,0,0,0,0,0,0,0,0,0,1,0,0,1,0,51
4,2,1,0,1,1,1,0,0,0,0,0,0,0,0,0,0,0,0,1,0,0,0,45
5,2,0,0,1,1,1,0,0,0,0,0,0,0,0,0,0,0,0,0,1,0,1,40
5,1,0,0,1,1,1,0,0,0,0,0,0,0,1,1,0,0,0,0,0,1,0,29
5,2,0,0,1,1,0,0,0,0,0,0,0,0,0,0,0,1,0,1,0,0,0,36
6,1,1,0,1,1,0,0,0,0,1,0,1,0,0,0,0,0,0,1,0,0,0,40
6,1,1,0,1,1,1,0,0,0,0,0,0,0,0,0,0,0,0,0,0,0,0,35
4,1,0,0,1,1,1,0,0,1,0,0,0,0,0,0,0,0,0,0,0,0,0,25
7,1,0,0,1,1,0,0,0,1,0,0,0,0,0,0,0,0,1,0,0,0,1,27
7,2,0,0,1,1,0,0,0,0,0,0,0,0,0,0,0,1,0,0,0,0,0,35
4,2,0,0,1,1,0,0,0,0,0,0,0,0,0,0,0,1,0,0,0,0,0,31
6,1,0,0,1,1,0,0,1,0,0,0,0,0,0,1,0,0,0,0,0,1,0,27
4,2,1,0,1,1,1,0,0,0,0,0,0,0,1,0,0,0,0,0,0,0,0,44
4,2,1,0,1,1,0,0,0,0,1,0,0,0,0,0,0,1,0,0,0,0,0,44
5,2,1,0,1,1,0,0,0,0,0,0,0,0,0,0,0,0,0,0,0,0,0,39
5,2,1,0,1,1,1,0,0,0,0,0,0,0,0,0,0,0,0,0,0,1,0,45
6,1,1,0,1,1,0,0,0,0,1,0,0,0,1,1,0,0,0,0,0,0,0,35
7,2,0,0,1,1,1,0,0,0,0,0,0,0,1,0,1,0,0,0,0,0,0,38
6,2,0,0,1,1,1,0,0,0,1,0,0,0,0,0,0,1,0,0,0,0,0,40
4,1,1,0,1,1,1,0,0,0,0,0,0,0,0,0,0,0,0,0,1,0,1,38
4,1,0,0,1,1,1,0,0,0,0,0,0,0,0,0,0,0,0,0,0,0,0,21
4,1,1,0,1,1,1,0,0,0,0,0,0,0,0,0,0,0,0,0,0,0,0,33
7,1,1,0,1,1,0,0,0,0,0,1,0,0,1,0,1,0,0,0,0,0,0,40
4,1,1,0,1,1,0,0,0,0,0,0,0,0,0,0,0,0,0,0,0,1,0,30
5,2,0,0,1,1,0,0,0,0,1,0,0,0,0,0,0,1,0,1,0,0,0,37
5,1,0,0,1,1,1,0,0,0,1,0,0,0,1,0,0,0,0,0,0,0,0,25
4,2,0,0,1,1,0,0,0,0,0,0,0,0,0,0,0,0,0,0,0,0,0,26
6,2,0,0,1,1,1,0,0,0,0,0,0,0,0,0,0,1,1,0,0,0,0,40
7,2,1,0,1,1,1,0,0,0,1,0,0,0,0,0,0,1,0,0,0,0,0,52
5,2,0,0,1,1,0,0,1,0,0,0,0,0,0,0,0,0,0,0,0,0,0,30
7,2,0,0,1,1,0,0,0,0,1,0,0,0,0,0,1,0,0,0,0,0,0,32
6,2,1,0,1,1,1,0,0,0,0,0,0,0,1,0,0,0,0,0,0,0,0,46
7,2,0,0,1,1,1,0,1,1,1,0,0,0,0,0,0,1,1,0,0,0,0,48
4,2,1,0,1,1,1,0,0,0,0,0,0,0,0,0,0,0,0,0,0,0,0,42
7,2,0,0,1,1,1,0,0,1,0,0,0,0,0,0,0,1,0,0,1,0,0,46
7,2,1,0,1,1,0,0,0,0,0,0,1,0,0,0,0,0,0,1,0,0,0,47
5,1,0,0,1,1,0,0,0,0,0,0,0,0,0,0,0,0,0,0,0,1,0,20
5,2,0,0,1,1,0,0,0,0,0,0,0,0,0,0,0,1,0,0,0,0,0,33
7,2,1,0,1,1,0,0,0,0,0,0,0,0,0,0,1,0,1,0,0,0,0,44
5,1,1,0,1,1,1,0,0,0,0,0,0,0,0,0,0,0,0,0,0,0,1,36
6,2,1,0,1,1,1,0,0,0,0,0,0,0,0,0,0,0,0,0,0,1,0,49
5,1,1,0,1,1,1,0,0,0,0,0,0,0,0,0,0,0,0,0,0,0,0,34
7,1,1,0,1,1,0,0,0,1,0,1,0,0,0,0,0,0,1,1,0,0,0,45
7,2,0,0,1,1,0,0,0,1,0,0,0,0,0,1,0,0,0,1,0,0,1,40
5,2,0,0,1,1,1,0,0,0,0,0,0,0,0,0,0,0,0,0,0,0,0,32
5,2,0,0,1,1,0,0,0,0,0,0,0,0,0,0,0,0,0,0,0,0,0,27
4,2,0,0,1,1,1,0,0,1,1,0,0,0,0,0,0,0,0,0,0,0,0,35
7,1,0,0,1,1,0,0,0,0,0,0,0,0,0,0,0,0,0,0,0,0,1,23
6,1,0,0,1,1,0,0,1,0,0,0,0,0,0,0,0,0,0,0,1,0,0,26
7,2,1,0,1,1,0,0,0,0,0,0,0,0,0,0,0,1,1,0,0,0,0,48
7,2,0,0,1,1,1,0,0,0,0,1,0,0,0,0,0,0,0,1,0,0,0,42
7,2,1,0,1,1,0,0,0,0,1,0,1,0,1,0,0,0,0,0,0,0,0,46
6,2,1,0,1,1,0,0,0,0,0,0,0,0,0,1,0,0,0,0,0,0,0,42
5,1,0,0,1,1,0,0,0,0,0,0,0,0,0,0,0,0,1,0,1,0,0,22
4,2,1,0,1,1,0,0,0,0,0,0,0,0,0,0,0,1,0,0,0,0,0,43
5,2,1,0,1,1,0,0,0,0,0,0,0,0,0,0,1,0,0,0,0,0,0,41
4,1,0,0,1,1,1,0,0,0,0,0,0,0,1,0,0,0,0,0,0,0,0,23
7,2,1,0,1,1,0,0,0,0,0,0,0,0,0,0,0,0,0,1,0,0,1,47
4,1,0,0,1,1,1,0,1,0,0,0,0,0,0,0,1,0,0,0,0,0,0,26
5,2,1,0,1,1,1,0,0,0,0,0,0,0,1,0,0,0,0,0,0,0,0,45
7,1,1,0,1,1,0,0,0,0,0,0,0,0,0,0,1,0,0,0,0,0,1,36
5,2,1,0,1,1,0,0,0,0,0,0,0,0,0,0,0,0,0,0,1,0,0,42
6,1,0,0,1,1,1,0,0,0,0,0,0,0,0,0,1,0,0,0,1,0,0,29
5,1,1,0,1,1,1,0,0,0,1,0,0,0,0,0,1,0,0,0,0,0,0,36
5,1,1,0,1,1,0,0,0,1,0,0,0,0,0,0,0,0,0,0,0,0,0,36
6,1,1,0,1,1,0,0,0,0,0,0,1,0,0,0,0,0,0,0,0,0,0,33
7,1,1,0,1,1,1,0,0,0,0,1,0,0,0,0,1,0,0,0,0,0,0,42
7,2,0,0,1,1,1,0,0,0,0,0,0,0,0,0,0,0,0,0,0,1,0,37
4,1,1,0,1,1,1,0,1,0,0,0,0,0,0,0,0,0,0,0,0,0,1,38
7,1,0,0,1,1,1,0,0,0,0,0,0,0,0,0,0,0,0,0,0,1,0,28
7,1,0,0,1,1,0,0,0,0,0,0,1,0,0,0,0,0,0,0,0,0,0,23
4,2,1,0,1,1,0,0,0,0,0,0,1,0,0,0,0,0,0,0,0,0,0,40
6,1,1,0,1,1,1,0,0,1,0,0,0,0,0,0,1,0,0,1,0,0,0,43
5,2,1,0,1,1,1,0,0,0,0,0,0,0,0,0,1,0,0,0,0,0,0,45
4,2,0,0,1,1,0,0,0,0,0,0,0,0,0,0,0,0,1,0,0,0,0,27
6,1,1,0,1,1,1,0,0,0,0,0,0,0,0,0,0,0,0,0,0,0,0,35
7,2,1,0,1,1,0,0,0,0,0,1,0,0,1,0,0,0,0,1,0,0,1,53
5,1,0,0,1,1,1,0,0,0,0,0,0,0,0,0,0,0,0,0,0,0,1,25
4,1,0,0,1,1,0,0,1,0,0,1,0,0,0,0,0,0,0,0,1,0,0,27
4,2,0,0,1,1,1,0,0,0,0,0,0,0,0,0,0,0,0,0,0,0,0,30
6,2,1,0,1,1,0,0,0,0,0,0,0,0,0,0,0,1,0,1,0,1,0,51
7,1,0,0,1,1,0,0,0,1,0,0,0,0,0,0,0,0,0,0,0,0,0,24
6,1,1,0,1,1,1,0,0,0,1,0,0,0,0,0,0,1,0,0,0,1,0,44
6,2,0,0,1,1,0,0,0,0,0,0,0,0,0,0,0,1,0,0,1,0,0,37
6,1,1,0,1,1,1,0,0,1,0,0,0,0,0,0,0,0,1,0,0,0,1,42
7,1,1,0,1,1,1,0,0,0,1,0,0,0,0,0,0,0,0,1,0,0,0,41
7,2,0,0,1,1,1,0,0,0,0,0,1,0,0,0,1,0,0,0,0,0,0,38
7,1,0,0,1,1,0,0,1,0,1,0,1,0,0,0,0,0,0,0,0,0,0,30
7,1,1,0,1,1,1,0,0,0,1,0,0,0,0,0,0,0,0,0,0,0,0,38
4,2,1,0,1,1,0,0,0,0,0,0,0,0,0,0,0,0,0,1,0,0,1,43
5,1,0,0,1,1,0,0,0,0,0,0,0,0,0,0,0,0,0,0,0,1,0,20
6,2,0,0,1,1,0,0,0,0,1,0,0,0,0,1,0,1,0,0,0,0,0,37
4,1,0,0,1,1,0,0,0,0,1,0,0,0,0,0,0,0,0,0,0,0,0,19
5,1,1,0,1,1,0,0,1,1,0,0,0,0,0,0,0,0,0,0,0,0,0,36
6,2,1,0,1,1,1,0,1,0,0,0,0,0,0,0,0,0,0,0,0,0,0,48
6,1,0,0,1,1,0,0,0,0,1,0,0,0,0,0,0,0,0,0,0,0,0,20
5,1,0,0,1,1,1,0,0,0,0,0,0,0,0,0,0,0,0,0,0,0,1,25
5,1,0,0,1,1,0,0,0,1,0,0,0,0,0,0,0,0,0,0,0,1,0,24
5,1,1,0,1,1,1,0,0,0,0,0,0,0,0,0,0,0,0,0,0,0,0,34
5,1,1,0,1,1,1,0,0,0,0,0,0,0,0,0,0,0,0,0,0,0,0,34
7,1,0,0,1,1,1,0,1,0,0,0,0,0,0,0,0,0,0,1,1,0,0,35
4,2,0,0,1,1,0,0,1,0,0,0,0,0,0,0,1,0,0,0,0,0,0,30
6,1,1,0,1,1,1,0,0,0,0,0,0,0,0,1,0,0,1,0,0,0,0,38
7,1,1,0,1,1,1,0,0,0,0,0,0,0,0,0,0,0,0,0,0,1,1,41
6,1,1,0,1,1,1,0,0,0,0,0,0,0,0,0,1,0,0,0,1,0,0,40
6,2,0,0,1,1,0,0,0,0,0,0,0,0,0,0,0,0,0,0,0,0,0,29
5,2,1,0,1,1,1,0,0,0,0,0,0,0,0,0,0,0,0,0,0,0,1,45
4,1,1,0,1,1,0,0,0,0,0,0,1,0,0,0,0,0,0,0,0,0,0,30
5,2,0,0,1,1,1,0,0,0,0,1,0,0,0,0,0,0,0,0,0,0,0,36
7,2,1,0,1,1,0,0,0,0,0,0,0,0,0,0,0,1,0,0,0,0,1,49
4,2,0,0,1,1,0,0,0,0,0,0,0,0,0,0,0,1,0,0,0,0,0,31
6,2,1,0,1,1,0,0,0,1,0,0,0,0,0,0,0,1,0,0,0,0,0,49
4,1,0,0,1,1,0,0,0,0,0,1,0,0,0,0,0,0,0,0,0,0,1,25
5,2,1,0,1,1,1,0,0,0,0,0,0,0,0,0,0,0,0,0,0,0,0,43
6,2,0,0,1,1,1,0,0,0,0,0,0,0,0,0,0,0,0,0,0,0,0,33
7,1,0,0,1,1,1,0,0,0,1,0,0,0,1,0,1,0,0,1,0,0,0,35
5,2,1,0,1,1,0,0,0,0,0,0,0,0,1,0,0,0,0,0,0,0,0,40
4,1,1,0,1,1,0,0,0,0,0,0,0,0,0,1,0,1,0,0,0,0,0,35
7,2,0,0,1,1,1,0,0,0,0,0,0,0,0,0,0,0,0,0,0,1,0,37
7,1,0,0,1,1,0,0,1,0,0,0,0,0,0,0,0,0,0,1,0,0,0,30
7,1,0,0,1,1,0,0,0,0,0,0,0,0,1,0,0,0,0,0,0,0,0,23
5,2,0,0,1,1,0,0,0,0,0,0,0,0,0,0,1,0,0,0,0,0,0,29
7,1,0,0,1,1,0,0,0,1,0,0,0,0,1,0,0,0,0,0,0,0,0,26
4,2,1,0,1,1,0,0,0,0,0,0,0,0,0,0,0,0,0,0,1,0,0,40
5,2,1,0,1,1,0,0,0,1,0,0,0,0,0,0,0,0,0,1,0,0,0,45
7,1,1,0,1,1,0,0,0,1,0,0,0,0,0,0,1,0,0,0,0,0,0,37
10,0,1,0,1,1,0,1,1,1,0,0,1,0,0,1,0,0,0,0,0,1,0,45
10,0,1,0,1,1,0,1,0,1,0,0,1,0,1,0,0,0,0,0,0,1,1,44
10,0,1,0,1,1,0,1,0,1,0,0,1,0,0,1,0,0,0,0,0,1,1,44
10,0,1,0,1,1,0,1,1,0,0,0,0,0,0,1,0,0,0,0,1,0,0,40
10,0,1,0,1,1,0,1,0,0,0,0,1,0,0,1,0,0,0,0,1,0,1,41
10,0,1,0,1,1,0,1,1,0,0,0,0,0,1,1,0,0,0,0,1,0,1,44
10,0,1,0,1,1,0,1,0,1,0,0,1,0,1,0,0,0,0,0,1,0,0,42
10,0,1,0,1,1,0,1,1,0,0,0,0,0,0,0,0,0,0,0,1,1,1,43
10,0,1,0,1,1,0,1,0,1,0,0,0,0,0,1,0,0,0,0,0,1,1,41
10,0,1,0,1,1,0,1,1,0,0,0,1,0,0,1,0,0,0,0,0,0,1,41
10,0,1,0,1,1,0,1,0,0,0,0,0,0,0,0,0,0,0,0,1,1,1,40
10,0,1,0,1,1,0,1,0,1,0,0,1,0,0,1,0,0,0,0,0,0,1,41
10,0,1,0,1,1,0,1,0,1,0,0,0,0,0,0,0,0,0,0,1,1,0,40
10,0,1,0,1,1,0,1,0,1,0,0,1,0,0,0,0,0,0,0,1,1,0,43
10,0,1,0,1,1,0,1,0,1,0,0,0,0,0,0,0,0,0,0,1,1,1,43
10,0,1,0,1,1,0,1,0,0,0,0,0,0,1,0,0,0,0,0,0,1,1,38
10,0,1,0,1,1,0,1,1,0,0,0,1,0,0,0,0,0,0,0,0,1,0,40
10,0,1,0,1,1,0,1,0,0,0,0,0,0,1,1,0,0,0,0,1,0,0,39
10,0,1,0,1,1,0,1,1,1,0,0,1,0,1,0,0,0,0,0,1,0,0,45
10,0,1,0,1,1,0,1,0,0,0,0,0,0,1,1,0,0,0,0,0,0,1,38
10,0,1,0,1,1,0,1,1,0,0,0,1,0,1,0,0,0,0,0,1,1,0,45
10,0,1,0,1,1,0,1,1,0,0,0,1,0,0,0,0,0,0,0,1,0,1,43
10,0,1,0,1,1,0,1,1,1,0,0,0,0,1,1,0,0,0,0,1,1,0,47
10,0,1,0,1,1,0,1,1,0,0,0,1,0,1,1,0,0,0,0,1,1,1,49
10,0,1,0,1,1,0,1,1,0,0,0,0,0,1,0,0,0,0,0,0,0,1,39
10,0,1,0,1,1,0,1,1,1,0,0,1,0,1,0,0,0,0,0,0,0,0,42
10,0,1,0,1,1,0,1,1,1,0,0,1,0,1,0,0,0,0,0,0,0,0,42
10,0,1,0,1,1,0,1,0,1,0,0,1,0,1,1,0,0,0,0,0,0,0,41
10,0,1,0,1,1,0,1,1,1,0,0,0,0,0,0,0,0,0,0,0,0,0,38
10,0,1,0,1,1,0,1,0,0,0,0,1,0,0,1,0,0,0,0,0,1,0,38
10,0,1,0,1,1,0,1,0,1,0,0,1,0,1,1,0,0,0,0,0,1,0,43
10,0,1,0,1,1,0,1,0,1,0,0,0,0,1,0,0,0,0,0,1,1,0,42
10,0,1,0,1,1,0,1,1,0,0,0,0,0,0,1,0,0,0,0,1,1,0,42
10,0,1,0,1,1,0,1,1,1,0,0,0,0,1,1,0,0,0,0,0,1,0,44
10,0,1,0,1,1,0,1,1,1,0,0,0,0,1,1,0,0,0,0,0,0,0,42
10,0,1,0,1,1,0,1,0,0,0,0,1,0,0,0,0,0,0,0,1,1,1,42
10,0,1,0,1,1,0,1,1,0,0,0,0,0,1,0,0,0,0,0,1,1,0,42
10,0,1,0,1,1,0,1,0,1,0,0,0,0,0,1,0,0,0,0,0,0,0,37
10,0,1,0,1,1,0,1,0,1,0,0,0,0,1,1,0,0,0,0,1,1,0,44
10,0,1,0,1,1,0,1,0,1,0,0,1,0,0,1,0,0,0,0,0,1,1,44
10,0,1,0,1,1,0,1,1,1,0,0,0,0,1,0,0,0,0,0,0,0,1,42
10,0,1,0,1,1,0,1,1,1,0,0,1,0,0,1,0,0,0,0,1,1,0,48
10,0,1,0,1,1,0,1,0,1,0,0,1,0,0,1,0,0,0,0,0,0,1,41
10,0,1,0,1,1,0,1,1,1,0,0,0,0,1,1,0,0,0,0,1,0,1,47
10,0,1,0,1,1,0,1,0,1,0,0,0,0,1,0,0,0,0,0,0,0,0,37
10,0,1,0,1,1,0,1,1,0,0,0,0,0,0,0,0,0,0,0,1,1,0,40
10,0,1,0,1,1,0,1,1,0,0,0,1,0,1,0,0,0,0,0,0,1,1,44
10,0,1,0,1,1,0,1,1,1,0,0,1,0,0,0,0,0,0,0,1,0,1,46
10,0,1,0,1,1,0,1,1,1,0,0,0,0,0,0,0,0,0,0,1,1,1,46
10,0,1,0,1,1,0,1,1,1,0,0,1,0,1,1,0,0,0,0,0,0,0,44
10,0,1,0,1,1,0,1,1,0,0,0,1,0,1,1,0,0,0,0,0,0,0,41
10,0,1,0,1,1,0,1,0,0,0,0,1,0,0,0,0,0,0,0,1,0,1,40
10,0,1,0,1,1,0,1,1,0,0,0,1,0,0,0,0,0,0,0,1,1,1,45
10,0,1,0,1,1,0,1,1,0,0,0,0,0,1,1,0,0,0,0,0,1,0,41
10,0,1,0,1,1,0,1,0,0,0,0,1,0,1,1,0,0,0,0,1,1,0,43
10,0,1,0,1,1,0,1,0,0,0,0,1,0,0,0,0,0,0,0,0,1,1,39
10,0,1,0,1,1,0,1,1,0,0,0,1,0,0,1,0,0,0,0,0,1,1,44
10,0,1,0,1,1,0,1,0,1,0,0,0,0,0,0,0,0,0,0,0,1,1,40
10,0,1,0,1,1,0,1,0,1,0,0,1,0,0,0,0,0,0,0,1,1,0,43
10,0,1,0,1,1,0,1,0,1,0,0,1,0,1,0,0,0,0,0,0,0,1,41
10,0,1,0,1,1,0,1,1,1,0,0,1,0,1,1,0,0,0,0,1,0,0,47
10,0,1,0,1,1,0,1,1,0,0,0,0,0,0,1,0,0,0,0,0,0,1,39
10,0,1,0,1,1,0,1,0,1,0,0,1,0,0,0,0,0,0,0,0,0,0,37
10,0,1,0,1,1,0,1,1,1,0,0,0,0,0,0,0,0,0,0,0,1,0,40
10,0,1,0,1,1,0,1,0,0,0,0,1,0,0,1,0,0,0,0,0,1,1,40
10,0,1,0,1,1,0,1,0,1,0,0,1,0,0,1,0,0,0,0,0,1,1,44
10,0,1,0,1,1,0,1,1,0,0,0,1,0,1,0,0,0,0,0,1,0,1,45
10,0,1,0,1,1,0,1,0,1,0,0,1,0,1,0,0,0,0,0,0,1,0,41
10,0,1,0,1,1,0,1,0,0,0,0,0,0,0,1,0,0,0,0,0,0,1,36
10,0,1,0,1,1,0,1,0,1,0,0,0,0,0,1,0,0,0,0,1,0,1,42
10,0,1,0,1,1,0,1,1,1,0,0,0,0,1,0,0,0,0,0,1,0,0,43
10,0,1,0,1,1,0,1,0,1,0,0,0,0,0,0,0,0,0,0,1,1,1,43
10,0,1,0,1,1,0,1,1,0,0,0,0,0,0,1,0,0,0,0,0,1,1,41
10,0,1,0,1,1,0,1,1,0,0,0,0,0,1,0,0,0,0,0,1,0,1,42
10,0,1,0,1,1,0,1,0,0,0,0,1,0,1,0,0,0,0,0,1,1,0,41
10,0,1,0,1,1,0,1,1,0,0,0,1,0,1,0,0,0,0,0,1,0,1,45
10,0,1,0,1,1,0,1,0,0,0,0,1,0,1,1,0,0,0,0,0,1,1,42
10,0,1,0,1,1,0,1,0,1,0,0,0,0,1,1,0,0,0,0,1,1,1,46
10,0,1,0,1,1,0,1,1,0,0,0,0,0,1,0,0,0,0,0,1,0,1,42
10,0,1,0,1,1,0,1,1,0,0,0,1,0,1,1,0,0,0,0,0,1,0,43
10,0,1,0,1,1,0,1,0,1,0,0,1,0,0,1,0,0,0,0,0,0,0,39
10,0,1,0,1,1,0,1,1,0,0,0,0,0,0,1,0,0,0,0,0,0,1,39
10,0,1,0,1,1,0,1,0,0,0,0,1,0,0,1,0,0,0,0,0,0,1,38
10,0,1,0,1,1,0,1,1,0,0,0,1,0,1,0,0,0,0,0,1,0,1,45
10,0,1,0,1,1,0,1,1,1,0,0,0,0,1,1,0,0,0,0,1,0,1,47
10,0,1,0,1,1,0,1,1,1,0,0,0,0,0,0,0,0,0,0,1,1,1,46
10,0,1,0,1,1,0,1,0,1,0,0,1,0,0,1,0,0,0,0,1,1,0,45
10,0,1,0,1,1,0,1,1,1,0,0,0,0,1,0,0,0,0,0,1,1,1,48
10,0,1,0,1,1,0,1,1,1,0,0,1,0,0,0,0,0,0,0,1,1,1,48
10,0,1,0,1,1,0,1,1,1,0,0,0,0,0,0,0,0,0,0,1,1,0,44
10,0,1,0,1,1,0,1,1,1,0,0,1,0,0,0,0,0,0,0,1,1,0,46
10,0,1,0,1,1,0,1,1,0,0,0,1,0,1,1,0,0,0,0,0,1,0,43
10,0,1,0,1,1,0,1,0,1,0,0,1,0,0,1,0,0,0,0,1,1,0,45
10,0,1,0,1,1,0,1,1,1,0,0,1,0,0,0,0,0,0,0,0,0,1,43
10,0,1,0,1,1,0,1,0,1,0,0,0,0,1,0,0,0,0,0,1,0,1,42
10,0,1,0,1,1,0,1,0,0,0,0,1,0,1,1,0,0,0,0,1,1,0,43
10,0,1,0,1,1,0,1,1,0,0,0,1,0,1,1,0,0,0,0,0,1,1,45
10,0,1,0,1,1,0,1,0,1,0,0,1,0,0,0,0,0,0,0,0,0,1,40
10,0,1,0,1,1,0,1,1,0,0,0,1,0,0,1,0,0,0,0,0,0,0,39
10,0,1,0,1,1,0,1,1,0,0,0,1,0,0,1,0,0,0,0,0,1,1,44
10,0,1,0,1,1,0,1,0,0,0,0,1,0,0,0,0,0,0,0,1,0,0,37
10,0,1,0,1,1,0,1,1,0,0,0,0,0,1,1,0,0,0,0,1,0,1,44
10,0,1,0,1,1,0,1,0,0,0,0,1,0,0,0,0,0,0,0,0,0,1,36
10,0,1,0,1,1,0,1,0,1,0,0,1,0,0,1,0,0,0,0,0,0,0,39
10,0,1,0,1,1,0,1,0,0,0,0,1,0,1,0,0,0,0,0,0,0,0,36
10,0,1,0,1,1,0,1,1,1,0,0,0,0,0,0,0,0,0,0,1,0,0,41
10,0,1,0,1,1,0,1,1,1,0,0,1,0,0,0,0,0,0,0,1,1,1,48
10,0,1,0,1,1,0,1,1,0,0,0,0,0,0,1,0,0,0,0,0,1,1,41
10,0,1,0,1,1,0,1,0,0,0,0,1,0,1,0,0,0,0,0,0,0,1,38
10,0,1,0,1,1,0,1,0,1,0,0,1,0,1,1,0,0,0,0,1,0,1,46
10,0,1,0,1,1,0,1,1,0,0,0,0,0,1,1,0,0,0,0,1,0,1,44
10,0,1,0,1,1,0,1,0,0,0,0,0,0,1,1,0,0,0,0,1,0,0,39
10,0,1,0,1,1,0,1,1,0,0,0,1,0,1,0,0,0,0,0,0,0,0,39
10,0,1,0,1,1,0,1,1,0,0,0,1,0,0,1,0,0,0,0,0,1,1,44
10,0,1,0,1,1,0,1,0,1,0,0,0,0,0,0,0,0,0,0,1,1,0,40
10,0,1,0,1,1,0,1,1,1,0,0,0,0,1,1,0,0,0,0,1,0,0,45
10,0,1,0,1,1,0,1,0,0,0,0,0,0,1,1,0,0,0,0,0,0,1,38
10,0,1,0,1,1,0,1,1,1,0,0,1,0,0,0,0,0,0,0,1,1,0,46
10,0,1,0,1,1,0,1,1,1,0,0,0,0,0,1,0,0,0,0,1,1,0,45
10,0,1,0,1,1,0,1,1,0,0,0,1,0,0,1,0,0,0,0,0,0,1,41
10,0,1,0,1,1,0,1,1,0,0,0,1,0,1,0,0,0,0,0,0,0,1,41
10,0,1,0,1,1,0,1,0,1,0,0,1,0,0,1,0,0,0,0,1,1,0,45
10,0,1,0,1,1,0,1,0,1,0,0,1,0,1,0,0,0,0,0,1,1,1,47
10,0,1,0,1,1,0,1,1,0,0,0,0,0,0,1,0,0,0,0,0,0,1,39
10,0,1,0,1,1,0,1,0,0,0,0,0,0,0,0,0,0,0,0,1,0,0,35
10,0,1,0,1,1,0,1,1,1,0,0,1,0,0,0,0,0,0,0,0,0,1,43
10,0,1,0,1,1,0,1,0,0,0,0,0,0,1,0,0,0,0,0,1,1,1,41
10,0,1,0,1,1,0,1,1,1,0,0,0,0,1,0,0,0,0,0,0,0,1,42
10,0,1,0,1,1,0,1,0,0,0,0,1,0,0,0,0,0,0,0,0,1,1,39
10,0,1,0,1,1,0,1,1,0,0,0,1,0,1,0,0,0,0,0,1,0,0,42
10,0,1,0,1,1,0,1,1,1,0,0,1,0,0,0,0,0,0,0,1,0,0,44
10,0,1,0,1,1,0,1,1,0,0,0,0,0,1,1,0,0,0,0,0,1,1,43
10,0,1,0,1,1,0,1,1,1,0,0,1,0,1,0,0,0,0,0,0,1,0,45
10,0,1,0,1,1,0,1,0,1,0,0,1,0,1,1,0,0,0,0,1,0,0,44
10,0,1,0,1,1,0,1,1,1,0,0,1,0,1,1,0,0,0,0,0,0,0,44
10,0,1,0,1,1,0,1,1,0,0,0,0,0,1,0,0,0,0,0,1,0,0,40
10,0,1,0,1,1,0,1,1,0,0,0,0,0,1,0,0,0,0,0,1,0,0,40
10,0,1,0,1,1,0,1,1,1,0,0,0,0,1,0,0,0,0,0,1,1,0,45
10,0,1,0,1,1,0,1,0,0,0,0,0,0,0,1,0,0,0,0,0,0,1,36
10,0,1,0,1,1,0,1,1,0,0,0,0,0,1,0,0,0,0,0,0,0,1,39
10,0,1,0,1,1,0,1,0,0,0,0,0,0,1,0,0,0,0,0,1,1,1,41
10,0,1,0,1,1,0,1,0,0,0,0,1,0,1,1,0,0,0,0,0,0,0,38
10,0,1,0,1,1,0,1,1,1,0,0,0,0,1,0,0,0,0,0,0,1,0,42
10,0,1,0,1,1,0,1,1,1,0,0,1,0,1,0,0,0,0,0,0,0,1,45
10,0,1,0,1,1,0,1,1,0,0,0,0,0,0,1,0,0,0,0,1,1,0,42
10,0,1,0,1,1,0,1,1,1,0,0,0,0,0,0,0,0,0,0,1,0,0,41
10,0,1,0,1,1,0,1,0,0,0,0,0,0,0,1,0,0,0,0,0,0,0,34
10,0,1,0,1,1,0,1,0,0,0,0,1,0,1,1,0,0,0,0,0,1,0,40
10,0,1,0,1,1,0,1,1,1,0,0,1,0,1,0,0,0,0,0,1,0,1,48
10,0,1,0,1,1,0,1,1,0,0,0,1,0,0,1,0,0,0,0,1,0,1,45
10,0,1,0,1,1,0,1,1,1,0,0,0,0,1,1,0,0,0,0,1,1,1,50
10,0,1,0,1,1,0,1,0,1,0,0,0,0,1,1,0,0,0,0,0,1,0,41
10,0,1,0,1,1,0,1,1,1,0,0,1,0,1,1,0,0,0,0,0,0,0,44
10,0,1,0,1,1,0,1,0,1,0,0,1,0,0,0,0,0,0,0,0,1,1,42
10,0,1,0,1,1,0,1,1,0,0,0,1,0,0,1,0,0,0,0,0,1,1,44
10,0,1,0,1,1,0,1,0,1,0,0,0,0,1,0,0,0,0,0,0,0,0,37
10,0,1,0,1,1,0,1,0,1,0,0,0,0,0,0,0,0,0,0,1,0,1,40
10,0,1,0,1,1,0,1,0,0,0,0,0,0,1,0,0,0,0,0,0,1,1,38
10,0,1,0,1,1,0,1,1,0,0,0,0,0,0,1,0,0,0,0,1,1,0,42
6,0,1,0,1,1,1,0,0,0,0,0,0,0,0,0,1,0,1,1,0,0,0,32
6,0,1,0,1,1,1,0,0,0,1,0,0,0,0,0,1,0,0,1,0,0,0,32
6,0,1,0,1,1,1,0,0,0,1,0,0,0,0,0,1,0,1,1,0,0,0,33
6,0,1,0,1,1,1,0,0,0,1,0,0,0,0,0,1,0,0,1,0,0,0,32
6,0,1,0,1,1,1,0,0,0,1,0,0,0,0,0,1,0,1,1,0,0,0,33
6,0,1,0,1,1,1,0,0,0,1,0,0,0,0,0,1,0,1,0,0,0,0,30
6,0,1,0,1,1,1,0,0,0,1,0,0,0,0,0,1,0,0,1,0,0,0,32
6,0,1,0,1,1,1,0,0,0,1,0,0,0,0,0,1,0,1,1,0,0,0,33
6,0,1,0,1,1,1,0,0,0,1,0,0,0,0,0,1,0,1,0,0,0,0,30
6,0,1,0,1,1,1,0,0,0,0,0,0,0,0,0,1,0,0,1,0,0,0,31
6,0,1,0,1,1,1,0,0,0,1,0,0,0,0,0,1,0,0,1,0,0,0,32
6,0,1,0,1,1,1,0,0,0,1,0,0,0,0,0,1,0,1,0,0,0,0,30
6,0,1,0,1,1,1,0,0,0,1,0,0,0,0,0,1,0,0,1,0,0,0,32
6,0,1,0,1,1,1,0,0,0,1,0,0,0,0,0,1,0,1,0,0,0,0,30
6,0,1,0,1,1,1,0,0,0,1,0,0,0,0,0,1,0,1,0,0,0,0,30
6,0,1,0,1,1,1,0,0,0,1,0,0,0,0,0,0,0,1,1,0,0,0,31
6,0,1,0,1,1,1,0,0,0,1,0,0,0,0,0,0,0,1,0,0,0,0,28
6,0,1,0,1,1,1,0,0,0,0,0,0,0,0,0,1,0,0,1,0,0,0,31
6,0,1,0,1,1,1,0,0,0,1,0,0,0,0,0,1,0,0,1,0,0,0,32
6,0,1,0,1,1,1,0,0,0,1,0,0,0,0,0,1,0,1,1,0,0,0,33
6,0,1,0,1,1,1,0,0,0,1,0,0,0,0,0,1,0,1,1,0,0,0,33
6,0,1,0,1,1,1,0,0,0,1,0,0,0,0,0,1,0,0,0,0,0,0,29
6,0,1,0,1,1,1,0,0,0,1,0,0,0,0,0,1,0,1,0,0,0,0,30
6,0,1,0,1,1,1,0,0,0,1,0,0,0,0,0,1,0,1,0,0,0,0,30
6,0,1,0,1,1,1,0,0,0,1,0,0,0,0,0,1,0,0,1,0,0,0,32
6,0,1,0,1,1,1,0,0,0,0,0,0,0,0,0,1,0,1,1,0,0,0,32
6,0,1,0,1,1,1,0,0,0,1,0,0,0,0,0,0,0,1,1,0,0,0,31
6,0,1,0,1,1,1,0,0,0,1,0,0,0,0,0,1,0,1,0,0,0,0,30
6,0,1,0,1,1,1,0,0,0,0,0,0,0,0,0,1,0,1,1,0,0,0,32
6,0,1,0,1,1,1,0,0,0,1,0,0,0,0,0,1,0,0,1,0,0,0,32
6,0,1,0,1,1,1,0,0,0,1,0,0,0,0,0,0,0,1,1,0,0,0,31
6,0,1,0,1,1,1,0,0,0,1,0,0,0,0,0,1,0,1,1,0,0,0,33
6,0,1,0,1,1,1,0,0,0,1,0,0,0,0,0,1,0,0,1,0,0,0,32
6,0,1,0,1,1,1,0,0,0,1,0,0,0,0,0,1,0,1,1,0,0,0,33
6,0,1,0,1,1,1,0,0,0,1,0,0,0,0,0,1,0,1,0,0,0,0,30
6,0,1,0,1,1,1,0,0,0,1,0,0,0,0,0,0,0,1,0,0,0,0,28
6,0,1,0,1,1,1,0,0,0,0,0,0,0,0,0,0,0,1,1,0,0,0,30
6,0,1,0,1,1,1,0,0,0,0,0,0,0,0,0,0,0,1,1,0,0,0,30
6,0,1,0,1,1,1,0,0,0,1,0,0,0,0,0,1,0,1,0,0,0,0,30
6,0,1,0,1,1,1,0,0,0,1,0,0,0,0,0,1,0,1,1,0,0,0,33
6,0,1,0,1,1,1,0,0,0,0,0,0,0,0,0,1,0,1,1,0,0,0,32
6,0,1,0,1,1,1,0,0,0,0,0,0,0,0,0,1,0,1,1,0,0,0,32
6,0,1,0,1,1,1,0,0,0,1,0,0,0,0,0,0,0,1,1,0,0,0,31
6,0,1,0,1,1,1,0,0,0,1,0,0,0,0,0,1,0,1,1,0,0,0,33
6,0,1,0,1,1,1,0,0,0,1,0,0,0,0,0,0,0,1,1,0,0,0,31
6,0,1,0,1,1,1,0,0,0,0,0,0,0,0,0,0,0,1,1,0,0,0,30
6,0,1,0,1,1,1,0,0,0,1,0,0,0,0,0,1,0,0,0,0,0,0,29
6,0,1,0,1,1,1,0,0,0,1,0,0,0,0,0,0,0,1,1,0,0,0,31
6,0,1,0,1,1,1,0,0,0,1,0,0,0,0,0,1,0,0,0,0,0,0,29
6,0,1,0,1,1,1,0,0,0,1,0,0,0,0,0,1,0,1,1,0,0,0,33
6,0,1,0,1,1,1,0,0,0,1,0,0,0,0,0,1,0,1,1,0,0,0,33
6,0,1,0,1,1,1,0,0,0,0,0,0,0,0,0,1,0,1,1,0,0,0,32
6,0,1,0,1,1,1,0,0,0,1,0,0,0,0,0,0,0,1,1,0,0,0,31
6,0,1,0,1,1,1,0,0,0,1,0,0,0,0,0,0,0,0,1,0,0,0,30
6,0,1,0,1,1,1,0,0,0,1,0,0,0,0,0,1,0,1,1,0,0,0,33
6,0,1,0,1,1,1,0,0,0,1,0,0,0,0,0,1,0,1,0,0,0,0,30
6,0,1,0,1,1,1,0,0,0,1,0,0,0,0,0,1,0,0,1,0,0,0,32
6,0,1,0,1,1,1,0,0,0,1,0,0,0,0,0,1,0,1,0,0,0,0,30
6,0,1,0,1,1,1,0,0,0,1,0,0,0,0,0,1,0,0,1,0,0,0,32
6,0,1,0,1,1,1,0,0,0,1,0,0,0,0,0,0,0,1,1,0,0,0,31
6,0,1,0,1,1,1,0,0,0,1,0,0,0,0,0,1,0,1,0,0,0,0,30
6,0,1,0,1,1,1,0,0,0,1,0,0,0,0,0,1,0,0,1,0,0,0,32
6,0,1,0,1,1,1,0,0,0,1,0,0,0,0,0,1,0,0,1,0,0,0,32
6,0,1,0,1,1,1,0,0,0,1,0,0,0,0,0,0,0,1,1,0,0,0,31
6,0,1,0,1,1,1,0,0,0,1,0,0,0,0,0,1,0,1,1,0,0,0,33
6,0,1,0,1,1,1,0,0,0,1,0,0,0,0,0,1,0,1,1,0,0,0,33
6,0,1,0,1,1,1,0,0,0,1,0,0,0,0,0,1,0,1,0,0,0,0,30
6,0,1,0,1,1,1,0,0,0,1,0,0,0,0,0,1,0,1,1,0,0,0,33
6,0,1,0,1,1,1,0,0,0,1,0,0,0,0,0,0,0,1,1,0,0,0,31
6,0,1,0,1,1,1,0,0,0,1,0,0,0,0,0,1,0,0,1,0,0,0,32
6,0,1,0,1,1,1,0,0,0,0,0,0,0,0,0,1,0,1,1,0,0,0,32
6,0,1,0,1,1,1,0,0,0,1,0,0,0,0,0,1,0,1,1,0,0,0,33
6,0,1,0,1,1,1,0,0,0,1,0,0,0,0,0,1,0,1,1,0,0,0,33
6,0,1,0,1,1,1,0,0,0,0,0,0,0,0,0,0,0,1,1,0,0,0,30
6,0,1,0,1,1,1,0,0,0,0,0,0,0,0,0,1,0,1,0,0,0,0,29
6,0,1,0,1,1,1,0,0,0,1,0,0,0,0,0,0,0,1,0,0,0,0,28
6,0,1,0,1,1,1,0,0,0,1,0,0,0,0,0,1,0,1,1,0,0,0,33
6,0,1,0,1,1,1,0,0,0,1,0,0,0,0,0,0,0,0,1,0,0,0,30
6,0,1,0,1,1,1,0,0,0,1,0,0,0,0,0,1,0,0,1,0,0,0,32
6,0,1,0,1,1,1,0,0,0,1,0,0,0,0,0,1,0,1,1,0,0,0,33
6,0,1,0,1,1,1,0,0,0,1,0,0,0,0,0,0,0,1,0,0,0,0,28
6,0,1,0,1,1,1,0,0,0,0,0,0,0,0,0,1,0,0,1,0,0,0,31
6,0,1,0,1,1,1,0,0,0,1,0,0,0,0,0,0,0,1,0,0,0,0,28
6,0,1,0,1,1,1,0,0,0,1,0,0,0,0,0,1,0,1,1,0,0,0,33
6,0,1,0,1,1,1,0,0,0,1,0,0,0,0,0,1,0,0,1,0,0,0,32
6,0,1,0,1,1,1,0,0,0,1,0,0,0,0,0,1,0,0,1,0,0,0,32
6,0,1,0,1,1,1,0,0,0,1,0,0,0,0,0,1,0,1,1,0,0,0,33
6,0,1,0,1,1,1,0,0,0,0,0,0,0,0,0,1,0,1,1,0,0,0,32
6,0,1,0,1,1,1,0,0,0,1,0,0,0,0,0,1,0,1,0,0,0,0,30
6,0,1,0,1,1,1,0,0,0,0,0,0,0,0,0,0,0,1,1,0,0,0,30
6,0,1,0,1,1,1,0,0,0,1,0,0,0,0,0,1,0,0,1,0,0,0,32
6,0,1,0,1,1,1,0,0,0,1,0,0,0,0,0,0,0,0,1,0,0,0,30
6,0,1,0,1,1,1,0,0,0,1,0,0,0,0,0,1,0,1,1,0,0,0,33
6,0,1,0,1,1,1,0,0,0,1,0,0,0,0,0,0,0,0,1,0,0,0,30
6,0,1,0,1,1,1,0,0,0,1,0,0,0,0,0,1,0,0,1,0,0,0,32
6,0,1,0,1,1,1,0,0,0,1,0,0,0,0,0,1,0,0,0,0,0,0,29
6,0,1,0,1,1,1,0,0,0,1,0,0,0,0,0,1,0,1,0,0,0,0,30
6,0,1,0,1,1,1,0,0,0,1,0,0,0,0,0,0,0,1,0,0,0,0,28
6,0,1,0,1,1,1,0,0,0,1,0,0,0,0,0,0,0,1,1,0,0,0,31
6,0,1,0,1,1,1,0,0,0,1,0,0,0,0,0,1,0,0,1,0,0,0,32
6,0,1,0,1,1,1,0,0,0,0,0,0,0,0,0,1,0,1,1,0,0,0,32
6,0,1,0,1,1,1,0,0,0,1,0,0,0,0,0,1,0,0,1,0,0,0,32
6,0,1,0,1,1,1,0,0,0,1,0,0,0,0,0,1,0,1,1,0,0,0,33
6,0,1,0,1,1,1,0,0,0,0,0,0,0,0,0,1,0,1,0,0,0,0,29
6,0,1,0,1,1,1,0,0,0,1,0,0,0,0,0,0,0,1,1,0,0,0,31
6,0,1,0,1,1,1,0,0,0,1,0,0,0,0,0,1,0,1,1,0,0,0,33
6,0,1,0,1,1,1,0,0,0,1,0,0,0,0,0,1,0,1,0,0,0,0,30
6,0,1,0,1,1,1,0,0,0,1,0,0,0,0,0,1,0,1,1,0,0,0,33
6,0,1,0,1,1,1,0,0,0,0,0,0,0,0,0,1,0,1,1,0,0,0,32
6,0,1,0,1,1,1,0,0,0,0,0,0,0,0,0,1,0,1,1,0,0,0,32
6,0,1,0,1,1,1,0,0,0,0,0,0,0,0,0,1,0,1,0,0,0,0,29
6,0,1,0,1,1,1,0,0,0,1,0,0,0,0,0,0,0,0,1,0,0,0,30
6,0,1,0,1,1,1,0,0,0,1,0,0,0,0,0,1,0,0,1,0,0,0,32
6,0,1,0,1,1,1,0,0,0,1,0,0,0,0,0,0,0,1,1,0,0,0,31
6,0,1,0,1,1,1,0,0,0,1,0,0,0,0,0,1,0,1,0,0,0,0,30
6,0,1,0,1,1,1,0,0,0,1,0,0,0,0,0,1,0,0,1,0,0,0,32
6,0,1,0,1,1,1,0,0,0,1,0,0,0,0,0,1,0,1,0,0,0,0,30
6,0,1,0,1,1,1,0,0,0,1,0,0,0,0,0,0,0,1,1,0,0,0,31
6,0,1,0,1,1,1,0,0,0,0,0,0,0,0,0,1,0,0,1,0,0,0,31
6,0,1,0,1,1,1,0,0,0,1,0,0,0,0,0,1,0,1,1,0,0,0,33
6,0,1,0,1,1,1,0,0,0,0,0,0,0,0,0,1,0,1,0,0,0,0,29
6,0,1,0,1,1,1,0,0,0,1,0,0,0,0,0,1,0,1,1,0,0,0,33
6,0,1,0,1,1,1,0,0,0,1,0,0,0,0,0,1,0,1,1,0,0,0,33
6,0,1,0,1,1,1,0,0,0,1,0,0,0,0,0,0,0,1,1,0,0,0,31
6,0,1,0,1,1,1,0,0,0,0,0,0,0,0,0,1,0,1,1,0,0,0,32
6,0,1,0,1,1,1,0,0,0,1,0,0,0,0,0,1,0,1,1,0,0,0,33
6,0,1,0,1,1,1,0,0,0,0,0,0,0,0,0,0,0,1,1,0,0,0,30
6,0,1,0,1,1,1,0,0,0,0,0,0,0,0,0,1,0,0,1,0,0,0,31
6,0,1,0,1,1,1,0,0,0,0,0,0,0,0,0,1,0,0,1,0,0,0,31
6,0,1,0,1,1,1,0,0,0,1,0,0,0,0,0,1,0,1,1,0,0,0,33
6,0,1,0,1,1,1,0,0,0,1,0,0,0,0,0,1,0,1,0,0,0,0,30
6,0,1,0,1,1,1,0,0,0,1,0,0,0,0,0,1,0,1,0,0,0,0,30
6,0,1,0,1,1,1,0,0,0,0,0,0,0,0,0,1,0,1,1,0,0,0,32
6,0,1,0,1,1,1,0,0,0,1,0,0,0,0,0,1,0,0,1,0,0,0,32
6,0,1,0,1,1,1,0,0,0,0,0,0,0,0,0,0,0,1,1,0,0,0,30
6,0,1,0,1,1,1,0,0,0,1,0,0,0,0,0,1,0,0,1,0,0,0,32
6,0,1,0,1,1,1,0,0,0,0,0,0,0,0,0,1,0,1,1,0,0,0,32
6,0,1,0,1,1,1,0,0,0,1,0,0,0,0,0,1,0,1,0,0,0,0,30
6,0,1,0,1,1,1,0,0,0,0,0,0,0,0,0,1,0,1,0,0,0,0,29
6,0,1,0,1,1,1,0,0,0,0,0,0,0,0,0,1,0,0,1,0,0,0,31
6,0,1,0,1,1,1,0,0,0,1,0,0,0,0,0,0,0,1,1,0,0,0,31
6,0,1,0,1,1,1,0,0,0,1,0,0,0,0,0,1,0,0,1,0,0,0,32
6,0,1,0,1,1,1,0,0,0,1,0,0,0,0,0,1,0,1,1,0,0,0,33
6,0,1,0,1,1,1,0,0,0,1,0,0,0,0,0,0,0,1,1,0,0,0,31
6,0,1,0,1,1,1,0,0,0,1,0,0,0,0,0,1,0,0,0,0,0,0,29
6,0,1,0,1,1,1,0,0,0,1,0,0,0,0,0,0,0,1,0,0,0,0,28
6,0,1,0,1,1,1,0,0,0,1,0,0,0,0,0,1,0,0,1,0,0,0,32
6,0,1,0,1,1,1,0,0,0,0,0,0,0,0,0,0,0,1,1,0,0,0,30
6,0,1,0,1,1,1,0,0,0,0,0,0,0,0,0,0,0,1,1,0,0,0,30
6,0,1,0,1,1,1,0,0,0,1,0,0,0,0,0,1,0,0,1,0,0,0,32
6,0,1,0,1,1,1,0,0,0,1,0,0,0,0,0,1,0,1,0,0,0,0,30
6,0,1,0,1,1,1,0,0,0,1,0,0,0,0,0,1,0,0,1,0,0,0,32
6,0,1,0,1,1,1,0,0,0,1,0,0,0,0,0,1,0,0,1,0,0,0,32
6,0,1,0,1,1,1,0,0,0,0,0,0,0,0,0,0,0,1,1,0,0,0,30
6,0,1,0,1,1,1,0,0,0,1,0,0,0,0,0,0,0,1,1,0,0,0,31
6,0,1,0,1,1,1,0,0,0,1,0,0,0,0,0,1,0,0,1,0,0,0,32
6,0,1,0,1,1,1,0,0,0,1,0,0,0,0,0,1,0,1,0,0,0,0,30
6,0,1,0,1,1,1,0,0,0,0,0,0,0,0,0,1,0,1,1,0,0,0,32
6,0,1,0,1,1,1,0,0,0,1,0,0,0,0,0,1,0,0,1,0,0,0,32
6,0,1,0,1,1,1,0,0,0,0,0,0,0,0,0,1,0,1,1,0,0,0,32
6,0,1,0,1,1,1,0,0,0,0,0,0,0,0,0,1,0,1,1,0,0,0,32
6,0,1,0,1,1,1,0,0,0,1,0,0,0,0,0,1,0,0,0,0,0,0,29
6,0,1,0,1,1,1,0,0,0,1,0,0,0,0,0,1,0,0,1,0,0,0,32
6,0,1,0,1,1,1,0,0,0,1,0,0,0,0,0,1,0,0,1,0,0,0,32
6,0,1,0,1,1,1,0,0,0,1,0,0,0,0,0,1,0,0,0,0,0,0,29
6,0,1,0,1,1,1,0,0,0,0,0,0,0,0,0,0,0,1,1,0,0,0,30
6,0,1,0,1,1,1,0,0,0,1,0,0,0,0,0,1,0,1,1,0,0,0,33
6,0,1,0,1,1,1,0,0,0,1,0,0,0,0,0,1,0,1,1,0,0,0,33
6,0,1,0,1,1,1,0,0,0,1,0,0,0,0,0,1,0,1,0,0,0,0,30
6,0,1,0,1,1,1,0,0,0,1,0,0,0,0,0,1,0,1,1,0,0,0,33
6,0,1,0,1,1,1,0,0,0,1,0,0,0,0,0,1,0,1,0,0,0,0,30
6,0,1,0,1,1,1,0,0,0,1,0,0,0,0,0,1,0,1,1,0,0,0,33
6,0,1,0,1,1,1,0,0,0,1,0,0,0,0,0,1,0,1,1,0,0,0,33
6,0,1,0,1,1,1,0,0,0,1,0,0,0,0,0,0,0,1,0,0,0,0,28
6,0,1,0,1,1,1,0,0,0,1,0,0,0,0,0,1,0,0,0,0,0,0,29
6,0,1,0,1,1,1,0,0,0,1,0,0,0,0,0,1,0,1,1,0,0,0,33
6,0,1,0,1,1,1,0,0,0,1,0,0,0,0,0,1,0,1,0,0,0,0,30
6,0,1,0,1,1,1,0,0,0,1,0,0,0,0,0,0,0,0,1,0,0,0,30
6,0,1,0,1,1,1,0,0,0,1,0,0,0,0,0,1,0,1,0,0,0,0,30
6,0,1,0,1,1,1,0,0,0,1,0,0,0,0,0,0,0,1,0,0,0,0,28
6,0,1,0,1,1,1,0,0,0,1,0,0,0,0,0,1,0,1,1,0,0,0,33
6,0,1,0,1,1,1,0,0,0,1,0,0,0,0,0,1,0,1,0,0,0,0,30
6,0,1,0,1,1,1,0,0,0,1,0,0,0,0,0,1,0,1,1,0,0,0,33
6,0,1,0,1,1,1,0,0,0,0,0,0,0,0,0,0,0,1,1,0,0,0,30
6,0,1,0,1,1,1,0,0,0,0,0,0,0,0,0,1,0,0,1,0,0,0,31
6,0,1,0,1,1,1,0,0,0,1,0,0,0,0,0,1,0,1,0,0,0,0,30
6,0,1,0,1,1,1,0,0,0,0,0,0,0,0,0,1,0,1,1,0,0,0,32
6,0,1,0,1,1,1,0,0,0,1,0,0,0,0,0,1,0,1,1,0,0,0,33
6,0,1,0,1,1,1,0,0,0,0,0,0,0,0,0,1,0,1,1,0,0,0,32
6,0,1,0,1,1,1,0,0,0,1,0,0,0,0,0,0,0,1,1,0,0,0,31
6,0,1,0,1,1,1,0,0,0,1,0,0,0,0,0,1,0,1,1,0,0,0,33
6,0,1,0,1,1,1,0,0,0,1,0,0,0,0,0,0,0,1,0,0,0,0,28
6,0,1,0,1,1,1,0,0,0,1,0,0,0,0,0,0,0,1,1,0,0,0,31
6,0,1,0,1,1,1,0,0,0,0,0,0,0,0,0,1,0,1,0,0,0,0,29
6,0,1,0,1,1,1,0,0,0,1,0,0,0,0,0,1,0,0,1,0,0,0,32
6,0,1,0,1,1,1,0,0,0,1,0,0,0,0,0,1,0,0,1,0,0,0,32
6,0,1,0,1,1,1,0,0,0,1,0,0,0,0,0,1,0,1,1,0,0,0,33
6,0,1,0,1,1,1,0,0,0,1,0,0,0,0,0,1,0,1,0,0,0,0,30
6,0,1,0,1,1,1,0,0,0,1,0,0,0,0,0,1,0,0,0,0,0,0,29
6,0,1,0,1,1,1,0,0,0,1,0,0,0,0,0,1,0,0,1,0,0,0,32
11,3,3,2,1,1,1,1,0,0,0,0,0,0,1,1,0,1,0,0,0,0,0,100
12,3,2,2,1,1,1,1,0,1,1,0,1,0,0,0,0,0,0,0,1,0,0,100
12,3,3,3,1,1,1,1,0,1,0,0,0,0,1,0,0,0,0,0,0,0,0,100
10,2,2,3,1,1,1,1,0,0,0,0,0,0,0,0,1,0,0,0,0,0,1,90
12,3,2,1,1,1,1,1,0,1,0,1,0,0,0,0,0,0,0,0,0,0,0,92
9,2,2,2,1,1,1,1,0,0,1,0,0,0,1,1,0,0,0,1,0,0,0,86
10,2,2,2,1,1,1,1,0,0,0,0,0,0,0,0,0,0,0,1,1,1,0,88
12,2,2,2,1,1,1,1,0,0,1,0,0,0,0,0,0,0,0,0,0,1,0,85
12,2,3,1,1,1,1,1,0,0,0,0,0,0,0,1,0,1,0,1,1,0,0,100
12,2,2,3,1,1,1,1,1,0,1,0,0,0,0,0,0,1,1,0,0,1,0,100
8,3,3,2,1,1,1,1,1,1,0,0,0,0,0,0,0,0,0,1,0,0,0,100
8,3,3,2,1,1,1,1,0,0,0,0,0,0,0,0,0,0,1,0,0,0,0,98
11,3,3,3,1,1,1,1,1,1,0,0,0,0,0,1,1,0,1,0,0,0,0,100
11,3,3,3,1,1,1,1,0,0,1,0,1,0,1,0,0,1,0,0,0,0,1,100
11,2,3,1,1,1,1,1,0,0,1,0,1,0,0,0,1,0,0,1,0,0,0,96
12,2,3,2,1,1,1,1,0,1,0,0,0,0,0,0,0,1,0,0,0,1,0,100
11,2,3,2,1,1,1,1,0,0,0,0,0,0,0,0,1,0,1,0,0,1,1,99
9,3,2,2,1,1,1,1,0,1,0,0,0,0,1,0,1,0,0,0,0,0,0,94
10,2,3,2,1,1,1,1,0,1,0,0,0,0,1,0,1,0,0,0,1,0,0,100
11,3,3,1,1,1,1,1,0,1,0,1,0,0,0,0,0,1,0,1,0,0,0,100
10,3,2,3,1,1,1,1,0,0,0,0,1,0,0,1,0,0,0,0,1,0,1,100
12,3,2,3,1,1,1,1,1,0,0,0,0,0,1,1,0,0,0,0,1,0,1,100
10,3,3,1,1,1,1,1,0,1,0,0,0,0,0,0,0,1,0,0,0,0,0,100
11,2,2,3,1,1,1,1,0,1,0,0,0,0,1,0,1,0,0,1,1,0,1,100
10,3,2,2,1,1,1,1,0,0,0,0,0,0,0,0,0,1,0,0,0,1,0,96
11,2,2,2,1,1,1,1,0,0,1,0,1,0,0,0,0,0,1,1,0,0,0,88
9,3,3,1,1,1,1,1,0,0,0,0,0,0,0,0,0,0,0,0,0,0,0,92
8,3,2,1,1,1,1,1,0,0,1,0,0,0,0,0,0,0,0,1,0,0,0,83
12,2,2,2,1,1,1,1,0,0,0,0,0,0,0,0,1,0,0,0,0,1,0,87
12,2,2,3,1,1,1,1,0,1,1,0,1,0,0,1,0,1,0,0,0,0,1,100
8,3,2,2,1,1,1,1,1,1,0,0,0,0,1,0,1,0,0,0,0,0,0,99
8,2,2,3,1,1,1,1,1,0,0,0,1,0,0,1,0,0,0,0,0,1,0,93
8,2,3,2,1,1,1,1,0,0,1,0,0,0,0,0,0,0,0,0,0,0,1,91
8,2,2,1,1,1,1,1,1,0,0,1,0,0,1,0,0,0,0,0,0,0,0,82
12,2,3,2,1,1,1,1,1,1,0,1,1,0,0,1,0,0,0,0,0,0,0,100
9,3,2,1,1,1,1,1,0,0,0,0,0,0,0,0,0,0,0,0,0,0,0,80
8,3,2,2,1,1,1,1,1,0,0,1,0,0,0,0,0,0,0,0,0,0,0,97
8,2,3,1,1,1,1,1,0,0,0,0,0,0,0,0,1,0,0,0,1,0,0,86
11,3,3,2,1,1,1,1,1,0,0,0,0,0,0,0,1,0,0,0,0,1,0,100
12,3,2,1,1,1,1,1,0,1,0,0,1,0,0,0,0,0,1,0,0,1,0,93
8,3,2,1,1,1,1,1,0,0,1,0,0,0,0,1,0,0,0,1,0,1,0,89
10,2,3,3,1,1,1,1,1,0,0,0,0,0,0,0,0,0,1,0,1,0,0,100
11,2,3,3,1,1,1,1,0,0,0,0,1,0,0,1,0,0,0,0,1,0,0,100
9,3,2,2,1,1,1,1,0,0,0,0,1,0,0,0,0,1,0,0,0,0,0,95
10,3,2,3,1,1,1,1,0,0,0,0,0,0,1,0,1,0,1,0,0,0,0,100
8,2,2,3,1,1,1,1,0,0,0,0,1,0,1,0,0,0,0,0,0,0,0,88
11,3,2,1,1,1,1,1,0,1,0,1,1,0,1,0,0,0,1,0,0,0,0,95
11,3,2,3,1,1,1,1,0,0,0,1,0,0,0,0,0,0,0,1,0,0,1,100
11,3,2,3,1,1,1,1,0,1,0,0,0,0,0,1,0,0,0,0,1,0,0,100
12,3,2,2,1,1,1,1,0,0,0,0,1,0,0,0,0,0,1,0,0,1,0,100
10,3,2,3,1,1,1,1,0,0,1,1,0,0,0,0,0,1,1,0,1,0,0,100
8,3,2,1,1,1,1,1,1,0,1,0,0,0,1,0,0,1,0,0,0,1,0,93
9,2,2,3,1,1,1,1,0,0,0,0,0,0,0,0,0,0,0,0,1,0,0,88
9,2,3,1,1,1,1,1,0,0,0,1,0,0,0,1,0,0,0,0,1,0,1,94
11,3,3,3,1,1,1,1,1,0,0,0,0,0,0,1,1,1,0,0,1,0,0,100
11,3,3,1,1,1,1,1,1,0,0,0,0,0,1,0,1,0,0,0,0,1,1,100
12,3,3,2,1,1,1,1,0,1,0,0,0,0,0,0,0,0,0,0,1,0,0,100
11,2,3,3,1,1,1,1,0,0,0,0,0,0,0,0,0,0,0,0,0,1,0,100
10,3,2,3,1,1,1,1,0,0,1,0,0,0,0,0,0,0,0,0,0,0,0,96
8,3,2,2,1,1,1,1,0,0,0,0,0,0,0,1,0,0,0,0,0,0,0,90
10,3,2,2,1,1,1,1,0,0,1,0,0,0,0,0,1,0,1,0,0,0,0,93
8,3,3,1,1,1,1,1,0,1,1,0,1,0,0,1,0,0,0,0,0,0,0,99
8,3,2,1,1,1,1,1,0,0,0,0,0,0,0,0,0,0,0,0,1,0,0,82
11,3,2,1,1,1,1,1,1,1,1,0,0,0,0,0,0,0,0,1,0,1,0,96
11,2,2,2,1,1,1,1,0,0,0,0,0,0,0,0,1,1,1,0,0,1,0,91
8,2,3,2,1,1,1,1,0,0,0,1,0,0,0,0,0,0,0,0,0,1,0,97
9,3,3,2,1,1,1,1,0,0,0,0,0,0,0,0,0,0,0,0,0,0,0,99
10,2,2,2,1,1,1,1,0,0,0,1,0,0,1,1,0,0,0,0,0,0,0,87
8,3,3,2,1,1,1,1,0,0,0,0,0,0,0,1,0,1,0,0,0,0,0,100
9,2,3,2,1,1,1,1,0,0,0,1,0,0,0,1,0,1,0,0,0,0,0,100
12,2,3,3,1,1,1,1,1,0,0,0,1,0,0,0,0,0,0,0,0,0,1,100
12,3,3,1,1,1,1,1,0,0,1,0,1,0,0,0,0,0,1,0,0,0,0,100
9,3,2,2,1,1,1,1,0,1,0,0,0,0,0,0,1,0,0,0,0,0,0,92
12,3,3,3,1,1,1,1,0,0,1,0,0,0,0,1,1,1,1,0,0,0,0,100
11,3,2,3,1,1,1,1,0,0,1,0,1,0,0,0,1,1,0,0,0,0,0,100
9,2,2,2,1,1,1,1,0,0,0,0,0,0,0,0,0,0,1,1,1,1,0,88
10,2,3,1,1,1,1,1,0,0,0,0,0,0,0,0,0,0,0,0,0,0,0,84
8,2,2,1,1,1,1,1,0,0,0,1,0,0,0,0,0,1,0,0,0,0,0,80
12,2,3,3,1,1,1,1,0,0,1,0,0,0,0,0,0,0,0,0,1,0,0,100
10,2,2,3,1,1,1,1,0,0,0,1,0,0,1,0,1,0,0,1,0,0,0,97
11,3,2,1,1,1,1,1,0,0,0,0,1,0,0,0,0,0,0,0,0,0,0,85
8,2,2,2,1,1,1,1,1,0,1,1,0,0,0,0,0,0,0,0,0,0,0,86
9,2,2,2,1,1,1,1,0,1,0,0,1,0,0,0,0,0,0,0,0,0,0,84
10,3,2,3,1,1,1,1,0,0,0,1,0,0,1,0,1,0,0,1,0,0,0,100
8,3,2,3,1,1,1,1,0,0,0,0,0,0,1,0,0,0,0,1,1,0,0,100
11,3,3,1,1,1,1,1,1,0,0,1,0,0,1,0,0,0,0,0,1,0,0,100
9,3,2,1,1,1,1,1,0,1,0,0,0,0,0,0,1,1,0,0,0,1,0,93
9,3,3,3,1,1,1,1,1,1,0,0,0,0,0,0,0,0,0,0,0,0,0,100
11,2,2,1,1,1,1,1,1,0,0,0,1,0,1,0,0,0,0,1,0,0,0,85
8,3,3,1,1,1,1,1,0,0,0,0,0,0,1,1,0,0,0,1,0,0,1,100
8,3,2,1,1,1,1,1,1,0,0,1,0,0,1,0,0,1,1,0,0,0,0,95
10,2,2,1,1,1,1,1,1,0,0,1,0,0,0,0,0,1,0,0,0,0,0,85
12,2,2,2,1,1,1,1,0,0,0,1,0,0,0,0,0,0,1,0,1,0,0,90
11,3,3,1,1,1,1,1,0,1,0,0,0,0,0,0,0,0,1,0,1,0,0,100
9,2,3,1,1,1,1,1,0,1,1,0,1,0,1,0,0,0,0,0,1,0,0,94
11,2,3,2,1,1,1,1,0,1,0,0,0,0,1,0,0,0,0,0,0,0,1,100
12,2,3,1,1,1,1,1,0,1,0,0,0,0,0,1,0,0,0,0,0,0,1,94
11,2,2,2,1,1,1,1,1,1,0,0,0,0,1,0,0,0,1,0,0,0,1,93
0,0,0,0,0,0,0,0,0,0,0,0,0,0,0,0,0,0,0,0,0,0,0,0
0,0,0,0,0,0,0,0,0,0,0,0,0,0,0,0,0,0,0,0,0,0,0,0
0,0,0,0,0,0,0,0,0,0,0,0,0,0,0,0,0,0,0,0,0,0,0,0
0,0,0,0,0,0,0,0,0,0,0,0,0,0,0,0,0,0,0,0,0,0,0,0
0,0,0,0,0,0,0,0,0,0,0,0,0,0,0,0,0,0,0,0,0,0,0,0
0,0,0,0,0,0,0,0,0,0,0,0,0,0,0,0,0,0,0,0,0,0,0,0
0,0,0,0,0,0,0,0,0,0,0,0,0,0,0,0,0,0,0,0,0,0,0,0
0,0,0,0,0,0,0,0,0,0,0,0,0,0,0,0,0,0,0,0,0,0,0,0
0,0,0,0,0,0,0,0,0,0,0,0,0,0,0,0,0,0,0,0,0,0,0,0
0,0,0,0,0,0,0,0,0,0,0,0,0,0,0,0,0,0,0,0,0,0,0,0
0,0,0,0,0,0,0,0,0,0,0,0,0,0,0,0,0,0,0,0,0,0,0,0
0,0,0,0,0,0,0,0,0,0,0,0,0,0,0,0,0,0,0,0,0,0,0,0
0,0,0,0,0,0,0,0,0,0,0,0,0,0,0,0,0,0,0,0,0,0,0,0
0,0,0,0,0,0,0,0,0,0,0,0,0,0,0,0,0,0,0,0,0,0,0,0
0,0,0,0,0,0,0,0,0,0,0,0,0,0,0,0,0,0,0,0,0,0,0,0
0,0,0,0,0,0,0,0,0,0,0,0,0,0,0,0,0,0,0,0,0,0,0,0
0,0,0,0,0,0,0,0,0,0,0,0,0,0,0,0,0,0,0,0,0,0,0,0
0,0,0,0,0,0,0,0,0,0,0,0,0,0,0,0,0,0,0,0,0,0,0,0
0,0,0,0,0,0,0,0,0,0,0,0,0,0,0,0,0,0,0,0,0,0,0,0
0,0,0,0,0,0,0,0,0,0,0,0,0,0,0,0,0,0,0,0,0,0,0,0
0,0,0,0,0,0,0,0,0,0,0,0,0,0,0,0,0,0,0,0,0,0,0,0
0,0,0,0,0,0,0,0,0,0,0,0,0,0,0,0,0,0,0,0,0,0,0,0
0,0,0,0,0,0,0,0,0,0,0,0,0,0,0,0,0,0,0,0,0,0,0,0
0,0,0,0,0,0,0,0,0,0,0,0,0,0,0,0,0,0,0,0,0,0,0,0
0,0,0,0,0,0,0,0,0,0,0,0,0,0,0,0,0,0,0,0,0,0,0,0
0,0,0,0,0,0,0,0,0,0,0,0,0,0,0,0,0,0,0,0,0,0,0,0
0,0,0,0,0,0,0,0,0,0,0,0,0,0,0,0,0,0,0,0,0,0,0,0
0,0,0,0,0,0,0,0,0,0,0,0,0,0,0,0,0,0,0,0,0,0,0,0
0,0,0,0,0,0,0,0,0,0,0,0,0,0,0,0,0,0,0,0,0,0,0,0
0,0,0,0,0,0,0,0,0,0,0,0,0,0,0,0,0,0,0,0,0,0,0,0
0,0,0,0,0,0,0,0,0,0,0,0,0,0,0,0,0,0,0,0,0,0,0,0
0,0,0,0,0,0,0,0,0,0,0,0,0,0,0,0,0,0,0,0,0,0,0,0
0,0,0,0,0,0,0,0,0,0,0,0,0,0,0,0,0,0,0,0,0,0,0,0
0,0,0,0,0,0,0,0,0,0,0,0,0,0,0,0,0,0,0,0,0,0,0,0
0,0,0,0,0,0,0,0,0,0,0,0,0,0,0,0,0,0,0,0,0,0,0,0
0,0,0,0,0,0,0,0,0,0,0,0,0,0,0,0,0,0,0,0,0,0,0,0
0,0,0,0,0,0,0,0,0,0,0,0,0,0,0,0,0,0,0,0,0,0,0,0
0,0,0,0,0,0,0,0,0,0,0,0,0,0,0,0,0,0,0,0,0,0,0,0
0,0,0,0,0,0,0,0,0,0,0,0,0,0,0,0,0,0,0,0,0,0,0,0
0,0,0,0,0,0,0,0,0,0,0,0,0,0,0,0,0,0,0,0,0,0,0,0
0,0,0,0,0,0,0,0,0,0,0,0,0,0,0,0,0,0,0,0,0,0,0,0
10,3,2,2,1,1,1,1,0,0,0,0,1,0,0,0,0,0,0,0,0,0,1,93
11,2,2,3,1,1,1,1,0,0,0,1,0,0,0,0,1,1,0,0,0,0,0,99
0,0,0,0,0,0,0,0,0,0,0,0,0,0,0,0,0,0,0,0,0,0,0,0
0,0,0,0,0,0,0,0,0,0,0,0,0,0,0,0,0,0,0,0,0,0,0,0
0,0,0,0,0,0,0,0,0,0,0,0,0,0,0,0,0,0,0,0,0,0,0,0
0,0,0,0,0,0,0,0,0,0,0,0,0,0,0,0,0,0,0,0,0,0,0,0
0,0,0,0,0,0,0,0,0,0,0,0,0,0,0,0,0,0,0,0,0,0,0,0
0,0,0,0,0,0,0,0,0,0,0,0,0,0,0,0,0,0,0,0,0,0,0,0
0,0,0,0,0,0,0,0,0,0,0,0,0,0,0,0,0,0,0,0,0,0,0,0
0,0,0,0,0,0,0,0,0,0,0,0,0,0,0,0,0,0,0,0,0,0,0,0
0,0,0,0,0,0,0,0,0,0,0,0,0,0,0,0,0,0,0,0,0,0,0,0
0,0,0,0,0,0,0,0,0,0,0,0,0,0,0,0,0,0,0,0,0,0,0,0
0,0,0,0,0,0,0,0,0,0,0,0,0,0,0,0,0,0,0,0,0,0,0,0
0,0,0,0,0,0,0,0,0,0,0,0,0,0,0,0,0,0,0,0,0,0,0,0
0,0,0,0,0,0,0,0,0,0,0,0,0,0,0,0,0,0,0,0,0,0,0,0
0,0,0,0,0,0,0,0,0,0,0,0,0,0,0,0,0,0,0,0,0,0,0,0
0,0,0,0,0,0,0,0,0,0,0,0,0,0,0,0,0,0,0,0,0,0,0,0
0,0,0,0,0,0,0,0,0,0,0,0,0,0,0,0,0,0,0,0,0,0,0,0
0,0,0,0,0,0,0,0,0,0,0,0,0,0,0,0,0,0,0,0,0,0,0,0
0,0,0,0,0,0,0,0,0,0,0,0,0,0,0,0,0,0,0,0,0,0,0,0
0,0,0,0,0,0,0,0,0,0,0,0,0,0,0,0,0,0,0,0,0,0,0,0
0,0,0,0,0,0,0,0,0,0,0,0,0,0,0,0,0,0,0,0,0,0,0,0
0,0,0,0,0,0,0,0,0,0,0,0,0,0,0,0,0,0,0,0,0,0,0,0
0,0,0,0,0,0,0,0,0,0,0,0,0,0,0,0,0,0,0,0,0,0,0,0
0,0,0,0,0,0,0,0,0,0,0,0,0,0,0,0,0,0,0,0,0,0,0,0
0,0,0,0,0,0,0,0,0,0,0,0,0,0,0,0,0,0,0,0,0,0,0,0
0,0,0,0,0,0,0,0,0,0,0,0,0,0,0,0,0,0,0,0,0,0,0,0
0,0,0,0,0,0,0,0,0,0,0,0,0,0,0,0,0,0,0,0,0,0,0,0
0,0,0,0,0,0,0,0,0,0,0,0,0,0,0,0,0,0,0,0,0,0,0,0
0,0,0,0,0,0,0,0,0,0,0,0,0,0,0,0,0,0,0,0,0,0,0,0
0,0,0,0,0,0,0,0,0,0,0,0,0,0,0,0,0,0,0,0,0,0,0,0
0,0,0,0,0,0,0,0,0,0,0,0,0,0,0,0,0,0,0,0,0,0,0,0
0,0,0,0,0,0,0,0,0,0,0,0,0,0,0,0,0,0,0,0,0,0,0,0
0,0,0,0,0,0,0,0,0,0,0,0,0,0,0,0,0,0,0,0,0,0,0,0
0,0,0,0,0,0,0,0,0,0,0,0,0,0,0,0,0,0,0,0,0,0,0,0
0,0,0,0,0,0,0,0,0,0,0,0,0,0,0,0,0,0,0,0,0,0,0,0
0,0,0,0,0,0,0,0,0,0,0,0,0,0,0,0,0,0,0,0,0,0,0,0
0,0,0,0,0,0,0,0,0,0,0,0,0,0,0,0,0,0,0,0,0,0,0,0
0,0,0,0,0,0,0,0,0,0,0,0,0,0,0,0,0,0,0,0,0,0,0,0
0,0,0,0,0,0,0,0,0,0,0,0,0,0,0,0,0,0,0,0,0,0,0,0
0,0,0,0,0,0,0,0,0,0,0,0,0,0,0,0,0,0,0,0,0,0,0,0
0,0,0,0,0,0,0,0,0,0,0,0,0,0,0,0,0,0,0,0,0,0,0,0
0,0,0,0,0,0,0,0,0,0,0,0,0,0,0,0,0,0,0,0,0,0,0,0
0,0,0,0,0,0,0,0,0,0,0,0,0,0,0,0,0,0,0,0,0,0,0,0
0,0,0,0,0,0,0,0,0,0,0,0,0,0,0,0,0,0,0,0,0,0,0,0
0,0,0,0,0,0,0,0,0,0,0,0,0,0,0,0,0,0,0,0,0,0,0,0
0,0,0,0,0,0,0,0,0,0,0,0,0,0,0,0,0,0,0,0,0,0,0,0
0,0,0,0,0,0,0,0,0,0,0,0,0,0,0,0,0,0,0,0,0,0,0,0
0,0,0,0,0,0,0,0,0,0,0,0,0,0,0,0,0,0,0,0,0,0,0,0
0,0,0,0,0,0,0,0,0,0,0,0,0,0,0,0,0,0,0,0,0,0,0,0
0,0,0,0,0,0,0,0,0,0,0,0,0,0,0,0,0,0,0,0,0,0,0,0
0,0,0,0,0,0,0,0,0,0,0,0,0,0,0,0,0,0,0,0,0,0,0,0
0,0,0,0,0,0,0,0,0,0,0,0,0,0,0,0,0,0,0,0,0,0,0,0
0,0,0,0,0,0,0,0,0,0,0,0,0,0,0,0,0,0,0,0,0,0,0,0
0,0,0,0,0,0,0,0,0,0,0,0,0,0,0,0,0,0,0,0,0,0,0,0
0,0,0,0,0,0,0,0,0,0,0,0,0,0,0,0,0,0,0,0,0,0,0,0
0,0,0,0,0,0,0,0,0,0,0,0,0,0,0,0,0,0,0,0,0,0,0,0
0,0,0,0,0,0,0,0,0,0,0,0,0,0,0,0,0,0,0,0,0,0,0,0
0,0,0,0,0,0,0,0,0,0,0,0,0,0,0,0,0,0,0,0,0,0,0,0
0,0,0,0,0,0,0,0,0,0,0,0,0,0,0,0,0,0,0,0,0,0,0,0
0,0,0,0,0,0,0,0,0,0,0,0,0,0,0,0,0,0,0,0,0,0,0,0
1,1,0,0,0,1,0,0,0,0,0,0,0,0,0,0,0,0,0,0,0,0,0,10
1,1,0,0,0,1,0,0,0,0,0,0,0,0,1,0,0,0,0,0,0,0,0,12
1,1,0,0,0,1,0,0,0,0,0,0,0,0,0,0,0,0,0,0,0,0,0,10
1,1,0,0,0,1,0,0,0,1,0,0,0,0,0,0,0,0,0,0,0,0,0,14
1,1,0,0,0,1,0,0,0,0,0,0,0,0,0,0,0,0,0,0,0,0,0,10
1,1,0,0,0,1,0,0,0,0,0,0,0,0,0,0,0,0,0,0,0,0,1,13
1,1,0,0,0,1,0,0,0,0,0,0,0,0,0,0,0,0,0,0,0,0,0,10
1,1,0,0,0,1,0,0,0,0,0,0,0,0,0,0,0,0,0,0,0,0,0,10
1,1,0,0,0,1,0,0,0,0,0,0,0,0,1,0,0,0,0,0,0,0,0,12
1,1,0,0,0,1,0,0,0,0,0,0,1,0,0,0,0,0,0,0,0,0,0,13
1,1,0,0,0,1,0,0,0,0,0,0,0,0,0,0,0,0,0,0,1,0,0,14
1,1,0,0,0,1,0,0,0,0,0,0,0,0,0,1,0,0,0,0,0,0,0,12
